,genre_ids,id,overview,popularity rank,title,year
0,"[16, 12, 10751, 35]",269149,"Determined to prove herself, Officer Judy Hopps, the first bunny on Zootopia's police force, jumps at the chance to crack her first case - even if it means partnering with scam-artist fox Nick Wilde to solve the mystery.",1,Zootopia,2016
1,"[28, 12, 35]",293660,"Deadpool tells the origin story of former Special Forces operative turned mercenary Wade Wilson, who after being subjected to a rogue experiment that leaves him with accelerated healing powers, adopts the alter ego Deadpool. Armed with his new abilities and a dark, twisted sense of humor, Deadpool hunts down the man who nearly destroyed his life.",2,Deadpool,2016
2,"[28, 12, 14, 878]",284052,"After his career is destroyed, a brilliant but arrogant surgeon gets a new lease on life when a sorcerer takes him under her wing and trains him to defend the world against evil.",3,Doctor Strange,2016
3,"[12, 28, 878]",271110,"Following the events of Age of Ultron, the collective governments of the world pass an act designed to regulate all superhuman activity. This polarizes opinion amongst the Avengers, causing two factions to side with Iron Man or Captain America, which causes an epic battle between former allies.",4,Captain America: Civil War,2016
4,"[28, 12, 14]",209112,"Fearing the actions of a god-like Super Hero left unchecked, Gotham City’s own formidable, forceful vigilante takes on Metropolis’s most revered, modern-day savior, while the world wrestles with what sort of hero it really needs. And with Batman and Superman at war with one another, a new threat quickly arises, putting mankind in greater danger than it’s ever known before.",5,Batman v Superman: Dawn of Justice,2016
5,"[28, 27, 53]",316727,"Two years after choosing not to kill the man who killed his son, former police sergeant Leo Barnes has become head of security for Senator Charlene Roan, the front runner in the next Presidential election due to her vow to eliminate the Purge. On the night of what should be the final Purge, a betrayal from within the government forces Barnes and Roan out onto the street where they must fight to survive the night.",6,The Purge: Election Year,2016
6,"[12, 10751, 14]",259316,"In 1926, Newt Scamander arrives at the Magical Congress of the United States of America with a magically expanded briefcase, which houses a number of dangerous creatures and their habitats. When the creatures escape from the briefcase, it sends the American wizarding authorities after Newt, and threatens to strain even further the state of magical and non-magical relations.",7,Fantastic Beasts and Where to Find Them,2016
7,"[53, 18, 878, 9648]",329865,"Taking place after alien crafts land around the world, an expert linguist is recruited by the military to determine whether they come in peace or are a threat.",8,Arrival,2016
8,"[53, 28, 80]",348893,"In the fourth installment of the fighting franchise, Boyka is shooting for the big leagues when an accidental death in the ring makes him question everything he stands for. When he finds out the wife of the man he accidentally killed is in trouble, Boyka offers to fight in a series of impossible battles to free her from a life of servitude",9,Boyka: Undisputed IV,2016
9,"[28, 12, 878]",330459,A rogue band of resistance fighters unite for a mission to steal the Death Star plans and bring a new hope to the galaxy.,10,Rogue One: A Star Wars Story,2016
10,"[28, 12, 878, 14]",246655,"After the re-emergence of the world's first mutant, world-destroyer Apocalypse, the X-Men must unite to defeat his extinction level plan.",11,X-Men: Apocalypse,2016
11,"[18, 36, 10752]",324786,"WWII American Army Medic Desmond T. Doss, who served during the Battle of Okinawa, refuses to kill people and becomes the first Conscientious Objector in American history to receive the Congressional Medal of Honor.",12,Hacksaw Ridge,2016
12,"[12, 18, 10751, 14, 16]",278927,"A man-cub named Mowgli fostered by wolves. After a threat from the tiger Shere Khan, Mowgli is forced to flee the jungle, by which he embarks on a journey of self discovery with the help of the panther, Bagheera and the free-spirited bear, Baloo.",13,The Jungle Book,2016
13,"[9648, 80, 53]",411088,"""The Invisible Guest” turns on a young businessman who wakes up in a hotel room locked from the inside with the dead body of his lover next to him. He hires a prestigious lawyer, and over one night they work together to clarify what happened in a frenetic race against time.",14,The Invisible Guest,2016
14,"[10749, 16, 18]",372058,"High schoolers Mitsuha and Taki are complete strangers living separate lives. But one night, they suddenly switch places. Mitsuha wakes up in Taki’s body, and he in hers. This bizarre occurrence continues to happen randomly, and the two must adjust their lives around each other.",15,Your Name.,2016
15,"[28, 12, 878]",188927,"The USS Enterprise crew explores the furthest reaches of uncharted space, where they encounter a mysterious new enemy who puts them and everything the Federation stands for to the test.",16,Star Trek Beyond,2016
16,"[18, 14, 12, 10751]",283366,A teenager finds himself transported to an island where he must help protect a group of orphans with special powers from creatures intent on destroying them.,17,Miss Peregrine's Home for Peculiar Children,2016
17,[18],334543,"A five-year-old Indian boy gets lost on the streets of Calcutta, thousands of kilometers from home. He survives many challenges before being adopted by a couple in Australia; 25 years later, he sets out to find his lost family.",18,Lion,2016
18,"[16, 12, 10751]",313297,"Kubo mesmerizes the people in his village with his magical gift for spinning wild tales with origami. When he accidentally summons an evil spirit seeking vengeance, Kubo is forced to go on a quest to solve the mystery of his fallen samurai father and his mystical weaponry, as well as discover his own magical powers.",19,Kubo and the Two Strings,2016
19,"[16, 12, 35, 10751]",342473,"Set in 1879 Paris. An orphan girl dreams of becoming a ballerina and flees her rural Brittany for Paris, where she passes for someone else and accedes to the position of pupil at the Grand Opera house.",20,Ballerina,2016
20,"[28, 14, 27, 18]",346672,"Vampire death dealer Selene fends off brutal attacks from both the Lycan clan and the Vampire faction that betrayed her. With her only allies, David and his father Thomas, she must stop the eternal war between Lycans and Vampires, even if it means she has to make the ultimate sacrifice.",21,Underworld: Blood Wars,2016
21,"[35, 18, 10749]",313369,"Mia, an aspiring actress, serves lattes to movie stars in between auditions and Sebastian, a jazz musician, scrapes by playing cocktail party gigs in dingy bars, but as success mounts they are faced with decisions that begin to fray the fragile fabric of their love affair, and the dreams they worked so hard to maintain in each other threaten to rip them apart.",22,La La Land,2016
22,"[12, 16, 35, 10751]",127380,Dory is reunited with her friends Nemo and Marlin in the search for answers about her past. What can she remember? Who are her parents? And where did she learn to speak Whale?,23,Finding Dory,2016
23,"[28, 12, 80, 14, 878]",297761,"From DC Comics comes the Suicide Squad, an antihero team of incarcerated supervillains who act as deniable assets for the United States government, undertaking high-risk black ops missions in exchange for commuted prison sentences.",24,Suicide Squad,2016
24,"[18, 36]",381284,"The untold story of Katherine G. Johnson, Dorothy Vaughan and Mary Jackson – brilliant African-American women working at NASA and serving as the brains behind one of the greatest operations in history – the launch of astronaut John Glenn into orbit. The visionary trio crossed all gender and race lines to inspire generations to dream big.",25,Hidden Figures,2016
25,"[18, 28]",391757,"Picking up after the events of Never Back Down 2, former MMA champion Case Walker is on the comeback trail to become champion once again.",26,Never Back Down: No Surrender,2016
26,"[28, 35, 53]",291805,"One year after outwitting the FBI and winning the public’s adulation with their mind-bending spectacles, the Four Horsemen resurface only to find themselves face to face with a new enemy who enlists them to pull off their most dangerous heist yet.",27,Now You See Me 2,2016
27,"[12, 16, 35, 14]",223702,"Sausage Party, the first R-rated CG animated movie, is about one sausage leading a group of supermarket products on a quest to discover the truth about their existence and what really happens when they become chosen to leave the grocery store.",28,Sausage Party,2016
28,"[9648, 53, 18]",207932,"After waking up in a hospital with amnesia, professor Robert Langdon and a doctor must race against time to foil a deadly global plot.",29,Inferno,2016
29,"[28, 18, 35, 53, 878]",364433,"Enzo Ceccotti comes into contact with a radioactive substance, then accidently discovers he has superpowers. A touchy, navel-gazing introvert, he’s sure his new capabilities will do wonders for his life of crime, but that all changes when he meets Alessia, who’s convinced he’s the hero from the famous Japanese comic strip, Steel Jeeg Robot.",30,They Call Me Jeeg,2016
30,"[12, 28, 37]",333484,Seven gun men in the old west gradually come together to help a poor village against savage thieves.,31,The Magnificent Seven,2016
31,"[28, 12, 14]",311324,European mercenaries searching for black powder become embroiled in the defense of the Great Wall of China against a horde of monstrous creatures.,32,The Great Wall,2016
32,[18],378064,"Shouya Ishida starts bullying the new girl in class, Shouko Nishimiya, because she is deaf. But as the teasing continues, the rest of the class starts to turn on Shouya for his lack of compassion. When they leave elementary school, Shouko and Shouya do not speak to each other again... until an older, wiser Shouya, tormented by his past behaviour, decides he must see Shouko once more. He wants to atone for his sins, but is it already too late...?",33,A Silent Voice,2016
33,"[28, 14, 35]",43074,"Following a ghost invasion of Manhattan, paranormal enthusiasts Erin Gilbert and Abby Yates, nuclear engineer Jillian Holtzmann, and subway worker Patty Tolan band together to stop the otherworldly threat.",34,Ghostbusters,2016
34,"[16, 35, 18, 10751, 10402]",335797,A koala named Buster recruits his best friend to help him drum up business for his theater by hosting a singing competition.,35,Sing,2016
35,"[12, 16, 10751, 35]",278154,"Set after the events of Continental Drift, Scrat's epic pursuit of his elusive acorn catapults him outside of Earth, where he accidentally sets off a series of cosmic events that transform and threaten the planet. To save themselves from peril, Manny, Sid, Diego, and the rest of the herd leave their home and embark on a quest full of thrills and spills, highs and lows, laughter and adventure while traveling to exotic new lands and encountering a host of colorful new characters.",36,Ice Age: Collision Course,2016
36,"[27, 9648]",397243,"Father and son coroners receive a mysterious unidentified corpse with no apparent cause of death. As they attempt to examine the beautiful young ""Jane Doe,"" they discover increasingly bizarre clues that hold the key to her terrifying secrets.",37,The Autopsy of Jane Doe,2016
37,"[18, 10749]",296096,"A small town girl is caught between dead-end jobs. A high-profile, successful man becomes wheelchair bound following an accident. The man decides his life is not worth living until the girl is hired for six months to be his new caretaker. Worlds apart and trapped together by circumstance, the two get off to a rocky start. But the girl becomes determined to prove to the man that life is worth living and as they embark on a series of adventures together, each finds their world changing in ways neither of them could begin to imagine.",38,Me Before You,2016
38,"[28, 12, 16, 35, 10751]",140300,"Continuing his ""legendary adventures of awesomeness"", Po must face two hugely epic, but different threats: one supernatural and the other a little closer to his home.",39,Kung Fu Panda 3,2016
39,"[80, 53, 18]",302946,"As a math savant uncooks the books for a new client, the Treasury Department closes in on his activities and the body count starts to rise.",40,The Accountant,2016
40,"[28, 12, 878]",47933,"We always knew they were coming back. Using recovered alien technology, the nations of Earth have collaborated on an immense defense program to protect the planet. But nothing can prepare us for the aliens’ advanced and unprecedented force. Only the ingenuity of a few brave men and women can bring our world back from the brink of extinction.",41,Independence Day: Resurgence,2016
41,"[12, 10751, 35, 14, 10402, 16]",136799,"Lovable and friendly, the trolls love to play around. But one day, a mysterious giant shows up to end the party. Poppy, the optimistic leader of the Trolls, and her polar opposite, Branch, must embark on an adventure that takes them far beyond the only world they’ve ever known.",42,Trolls,2016
42,[18],353326,"Growing up poor in Madras, India, Srinivasa Ramanujan Iyengar earns admittance to Cambridge University during WWI, where he becomes a pioneer in mathematical theories with the guidance of his professor, G.H. Hardy.",43,The Man Who Knew Infinity,2016
43,"[12, 878]",299687,16-year-old Cassie Sullivan tries to survive in a world devastated by the waves of an alien invasion that has already decimated the population and knocked mankind back to the Stone Age.,44,The 5th Wave,2016
44,"[28, 12, 18]",290595,"As two evil sisters prepare to conquer the land, two renegades—Eric the Huntsman, who aided Snow White in defeating Ravenna in Snowwhite and the Huntsman, and his forbidden lover, Sara—set out to stop them.",45,The Huntsman: Winter's War,2016
45,"[14, 28, 12, 35, 10751]",308531,"After supervillain Shredder escapes custody, he joins forces with mad scientist Baxter Stockman and two dimwitted henchmen, Bebop and Rocksteady, to unleash a diabolical plan to take over the world. As the Turtles prepare to take on Shredder and his new crew, they find themselves facing an even greater evil with similar intentions: the notorious Krang.",46,Teenage Mutant Ninja Turtles: Out of the Shadows,2016
46,"[28, 12]",258489,"Tarzan, having acclimated to life in London, is called back to his former home in the jungle to investigate the activities at a mining encampment.",47,The Legend of Tarzan,2016
47,[878],354282,"Set in the future in a time of interplanetary colonization, an unlikely pair race against an impending global crisis and are confronted by the monsters that live inside us all.",48,The Osiris Child,2016
48,"[53, 18, 10749]",290098,"1930s Korea, in the period of Japanese occupation, a young woman is hired as a handmaiden to a Japanese heiress who lives a secluded life on a large countryside estate with her domineering uncle. But, the maid has a secret: she is a pickpocket recruited by a swindler posing as a Japanese count to help him seduce the heiress to elope with him, rob her of her fortune, and lock her up in a madhouse. The plan seems to proceed according to plan until the women discover some unexpected emotions.",49,The Handmaiden,2016
49,"[28, 16]",379291,Robin is sent by Batman to work with the Teen Titans after his volatile behavior botches up a Justice League mission. The Titans must then step up to face Trigon after he possesses the League and threatens to conquer the world.,50,Justice League vs. Teen Titans,2016
50,"[28, 12, 14, 878]",205584,A common thief joins a mythical god on a quest through Egypt.,51,Gods of Egypt,2016
51,"[18, 28]",296524,"A story set on the offshore drilling rig Deepwater Horizon, which exploded during April 2010 and created the worst oil spill in U.S. history.",52,Deepwater Horizon,2016
52,[35],291870,"Jason Kelly is one week away from marrying his boss's uber-controlling daughter, putting him on the fast track for a partnership at the law firm. However, when the straight-laced Jason is tricked into driving his foul-mouthed grandfather, Dick, to Daytona for spring break, his pending nuptials are suddenly in jeopardy. Between riotous frat parties, bar fights, and an epic night of karaoke, Dick is on a quest to live his life to the fullest and bring Jason along for the ride.",53,Dirty Grandpa,2016
53,"[28, 16, 878]",390734,"The magical kingdom of Lucis is home to the world’s last remaining Crystal, and the menacing empire of Niflheim is determined to steal it. King Regis of Lucis commands an elite force of soldiers called the Kingsglaive. Wielding their king’s magic, they fight to protect Lucis. As the overwhelming military might of the empire bears down, King Regis is faced with an impossible ultimatum – to marry his son, Prince Noctis to Princess Lunafreya of Tenebrae, captive of Niflheim, and surrender his lands to Niflheim rule.  Although the king concedes, it becomes clear that the empire will stop at nothing to achieve their devious goals, with only the Kingsglaive standing between them and world domination.",54,Kingsglaive: Final Fantasy XV,2016
54,"[28, 80, 53]",278924,"Arthur Bishop thought he had put his murderous past behind him when his most formidable foe kidnaps the love of his life. Now he is forced to travel the globe to complete three impossible assassinations, and do what he does best, make them look like accidents.",55,Mechanic: Resurrection,2016
55,"[16, 12, 14]",271706,"Beyond the human realm, there is a magical race of beings who control the tides and the changing of the seasons. One of these beings, a young girl named Chun, seeks something more—she wants to experience the human world! At sixteen, she finally gets her chance and transforms into a dolphin in order to explore the world that has her fascinated. But she soon discovers that it’s a dangerous place and nearly gets killed in a vortex. Luckily, her life is spared when a young boy sacrifices himself to save her. Moved by his kindness and courage, she uses magic to bring him back to life only to learn that this power comes at a serious price. On a new adventure, she’ll have to make her own sacrifices in order to protect his soul until it is ready to return to the human world.",56,Big Fish & Begonia,2016
56,"[18, 36]",363676,"On 15 January 2009, the world witnessed the 'Miracle on the Hudson' when Captain 'Sully' Sullenberger glided his disabled plane onto the frigid waters of the Hudson River, saving the lives of all 155 aboard. However, even as Sully was being heralded by the public and the media for his unprecedented feat of aviation skill, an investigation was unfolding that threatened to destroy his reputation and career.",57,Sully,2016
57,"[27, 18, 53]",332567,"An injured surfer stranded on a buoy needs to get back to shore, but the great white shark stalking her might have other ideas.",58,The Shallows,2016
58,"[12, 35, 18]",334533,A father living in the forests of the Pacific Northwest with his six young kids tries to assimilate back into society.,59,Captain Fantastic,2016
59,"[28, 12, 80]",343611,"Jack Reacher must uncover the truth behind a major government conspiracy in order to clear his name. On the run as a fugitive from the law, Reacher uncovers a potential secret from his past that could change his life forever.",60,Jack Reacher: Never Go Back,2016
60,"[9648, 12, 80]",328387,"Industrious high school senior, Vee Delmonico, has had it with living life on the sidelines. When pressured by friends to join the popular online game Nerve, Vee decides to sign up for just one dare in what seems like harmless fun. But as she finds herself caught up in the thrill of the adrenaline-fueled competition partnered with a mysterious stranger, the game begins to take a sinister turn with increasingly dangerous acts, leading her into a high stakes finale that will determine her entire future.",61,Nerve,2016
61,"[12, 878, 28, 9648]",262504,Beatrice Prior and Tobias Eaton venture into the world outside of the fence and are taken into protective custody by a mysterious agency known as the Bureau of Genetic Welfare.,62,Allegiant,2016
62,"[53, 878, 18]",333371,"After getting in a car accident, a woman is held in a shelter with two men, who claim the outside world is affected by a widespread chemical attack.",63,10 Cloverfield Lane,2016
63,"[28, 12, 14]",68735,"The peaceful realm of Azeroth stands on the brink of war as its civilization faces a fearsome race of invaders: orc warriors fleeing their dying home to colonize another. As a portal opens to connect the two worlds, one army faces destruction and the other faces extinction. From opposing sides, two heroes are set on a collision course that will decide the fate of their family, their people, and their home.",64,Warcraft,2016
64,"[9648, 27, 878]",378018,"In the middle of a routine patrol, officer Daniel Carter happens upon a blood-soaked figure limping down a deserted stretch of road. He rushes the young man to a nearby rural hospital staffed by a skeleton crew, only to discover that patients and personnel are transforming into something inhuman. As the horror intensifies, Carter leads the other survivors on a hellish voyage into the subterranean depths of the hospital in a desperate bid to end the nightmare before it's too late.",65,The Void,2016
65,"[18, 10749, 878]",274870,"A spacecraft traveling to a distant colony planet and transporting thousands of people has a malfunction in its sleep chambers. As a result, two passengers are awakened 90 years early.",66,Passengers,2016
66,"[27, 9648, 53]",259693,Lorraine and Ed Warren travel to north London to help a single mother raising four children alone in a house plagued by malicious spirits.,67,The Conjuring 2,2016
67,"[12, 16, 35, 10751]",368940,"On a tiny exotic island, Tuesday, an outgoing parrot lives with his quirky animal friends in paradise. However, Tuesday can't stop dreaming about discovering the world. After a violent storm, Tuesday and his friends wake up to find a strange creature on the beach: Robinson Crusoe. Tuesday immediately views Crusoe as his ticket off the island to explore new lands. Likewise, Crusoe soon realizes that the key to surviving on the island is through the help of Tuesday and the other animals. It isn't always easy at first, as the animals don't speak ""human."" Slowly but surely, they all start living together in harmony, until one day, when their comfortable life is overturned by two savage cats, who wish to take control of the island. A battle ensues between the cats and the group of friends but Crusoe and the animals soon discover the true power of friendship up against all odds (even savage cats).",68,Robinson Crusoe: The Wild Life,2016
68,"[28, 53]",324668,The most dangerous former operative of the CIA is drawn out of hiding to uncover hidden truths about his past.,69,Jason Bourne,2016
69,"[18, 14]",258230,A boy imagines a monster that helps him deal with his difficult life and see the world in a different way.,70,A Monster Calls,2016
70,[28],333669,"Michael Mason is an American pickpocket living in Paris who finds himself hunted by the CIA when he steals a bag that contains more than just a wallet. Sean Briar, the field agent on the case, soon realises that Michael is just a pawn in a much bigger game and is also his best asset to uncover a large-scale conspiracy.",71,Bastille Day,2016
71,"[12, 10751, 14]",294272,"For years, old wood carver Mr. Meacham has delighted local children with his tales of the fierce dragon that resides deep in the woods of the Pacific Northwest. To his daughter, Grace, who works as a forest ranger, these stories are little more than tall tales... until she meets Pete, a mysterious 10-year-old with no family and no home who claims to live in the woods with a giant, green dragon named Elliott. And from Pete's descriptions, Elliott seems remarkably similar to the dragon from Mr. Meacham's stories. With the help of Natalie, an 11-year-old girl whose father Jack owns the local lumber mill, Grace sets out to determine where Pete came from, where he belongs, and the truth about this dragon.",72,Pete's Dragon,2016
72,"[9648, 27]",310131,"In 1630s New England, William and Katherine lead a devout Christian life with five children, homesteading on the edge of an impassable wilderness, exiled from their settlement when William defies the local church. When their newborn son vanishes and crops mysteriously fail, the family turns on one another.",73,The Witch,2016
73,"[28, 12, 878]",121856,"Through unlocked genetic memories that allow him to relive the adventures of his ancestor in 15th century Spain, Callum Lynch discovers he's a descendant of the secret 'Assassins' society. After gaining incredible knowledge and skills, he is now poised to take on the oppressive Knights Templar in the present day.",74,Assassin's Creed,2016
74,"[12, 16]",382190,"In this Pokémon adventure, a mysterious force binds Ash to the Mythical Pokémon Volcanion when it falls from the sky. Volcanion can’t get away, and Ash is dragged along as it continues on its mission. They arrive in a city of cogs and gears, where a corrupt minister has stolen the ultimate invention: the Artificial Pokémon Magearna, created 500 years ago. The minister plans to use Magearna’s mysterious power to take control of the mechanical kingdom. Can Ash and Volcanion work together to rescue Magearna? One of the greatest battles in Pokémon history is about to unfold!",75,Pokémon the Movie: Volcanion and the Mechanical Marvel,2016
75,"[27, 53]",375355,An evening of drunken prank calls becomes a nightmare for a pair of teenagers when a mysterious stranger turns their own game against them.,76,Don't Hang Up,2016
76,"[12, 16, 35, 10751]",332210,"Storks deliver babies…or at least they used to. Now they deliver packages for a global internet retail giant. Junior, the company’s top delivery stork, is about to be promoted when he accidentally activates the Baby Making Machine, producing an adorable and wholly unauthorized baby girl...",77,Storks,2016
77,"[80, 27, 53]",300669,A group of teens break into a blind man's home thinking they'll get away with the perfect crime. They're wrong.,78,Don't Breathe,2016
78,"[27, 53]",368031,"Enjoying college life as a popular student, Laura shares everything with her more  than 800 friends on Facebook. But one day, after accepting a friend request from a  social outcast named Marina, Laura’s life is cursed...",79,Friend Request,2016
79,"[28, 80, 53]",384737,"After a botched heist, Eddie  a murderous crime boss, hunts down the seductive thief Karen who failed him. In order to win back Eddie’s trust, Karen recruits her ex-lover and premier thief Jack to steal a cargo of rare precious gems. But when the job goes down, allegiances are betrayed and lines are crossed as Jack, Karen, and Eddie face off in a fateful showdown.",80,Precious Cargo,2016
80,"[12, 35, 18]",371645,"Ricky is a defiant young city kid who finds himself on the run with his cantankerous foster uncle in the wild New Zealand bush. A national manhunt ensues, and the two are forced to put aside their differences and work together to survive.",81,Hunt for the Wilderpeople,2016
81,[18],339984,"\When Christy discovers her 10-year-old daughter Anna has a rare, incurable disease, she becomes a ferocious advocate for her daughter’s healing as she searches for a solution. After Anna has a freak accident and falls three stories, a miracle unfolds in the wake of her dramatic rescue that leaves medical specialists mystified, her family restored and their community inspired.",82,Miracles from Heaven,2016
82,"[28, 10752]",340945,"The harrowing true story of the crew of the USS Indianapolis, who were stranded in the Philippine Sea for five days after delivering the atomic weapons that would eventually end WWII. As they awaited rescue, they endured extreme thirst, hunger, and relentless shark attacks.",83,USS Indianapolis: Men of Courage,2016
83,"[10749, 16, 18, 10770]",21057,"At Kichijōji Station, Tokyo, Taku Morisaki glimpses a familiar woman on the platform opposite boarding a train. Later, her photo falls from a shelf as he exits his apartment before flying to Kōchi Prefecture. Picking it up, he looks at it briefly before leaving. As the aeroplane takes off he narrates the events that brought her into his life...",84,Ocean Waves,2016
84,"[28, 12, 14]",381902,"Taking place 500 years after the Havoc in Heaven, the Tang Priest is appointed by Buddha to go to the West to fetch the sacred scriptures, only to accidentally free the Monkey King. With Lady White (Gong Li) aiming to break up the team assembled to defeat her, the Monkey King must fight in order to save his world!",85,The Monkey King 2,2016
85,"[28, 53, 9648]",146198,A gang of criminals and corrupt cops plan the murder of a police officer in order to pull off their biggest heist yet across town.,86,Triple 9,2016
86,"[27, 53]",335796,"In 1965 Los Angeles, a widowed mother and her two daughters add a new stunt to bolster their séance scam business and unwittingly invite authentic evil into their home. When the youngest daughter is overtaken by the merciless spirit, this small family confronts unthinkable fears to save her and send her possessor back to the other side.",87,Ouija: Origin of Evil,2016
87,"[10751, 12, 16, 28]",396330,"The caped crusader reluctantly agrees to let Batgirl and Nightwing take him on a long overdue vacation from crime-fighting, while Superman and the Justice League watch over Gotham City.",88,LEGO DC Comics Super Heroes: Justice League - Gotham City Breakout,2016
88,"[12, 10751, 14]",267935,"The BFG is no ordinary bone-crunching giant. He is far too nice and jumbly. It's lucky for Sophie that he is. Had she been carried off in the middle of the night by the Bloodbottler, or any of the other giants—rather than the BFG—she would have soon become breakfast. When Sophie hears that the giants are flush-bunking off to England to swollomp a few nice little chiddlers, she decides she must stop them once and for all. And the BFG is going to help her!",89,The BFG,2016
89,"[27, 9648, 53]",369300,A series of murders has shaken the community to the point where people believe that only a legendary creature from dark times – the mythical Golem – must be responsible.,90,The Limehouse Golem,2016
90,"[28, 12, 18]",263341,"A story of lost love, young love, a legendary sword and one last opportunity at redemption.",91,"Crouching Tiger, Hidden Dragon: Sword of Destiny",2016
91,"[12, 10751, 14]",241259,"In the sequel to Tim Burton's ""Alice in Wonderland"", Alice Kingsleigh returns to Underland and faces a new adventure in saving the Mad Hatter.",92,Alice Through the Looking Glass,2016
92,"[16, 12, 35]",153518,"An island populated entirely by happy, flightless birds or almost entirely. In this paradise, Red, a bird with a temper problem, speedy Chuck, and the volatile Bomb have always been outsiders. But when the island is visited by mysterious green piggies, it’s up to these unlikely outcasts to figure out what the pigs are up to.",93,The Angry Birds Movie,2016
93,"[53, 28, 878]",324670,A special-ops team is dispatched to fight supernatural being that have taken over a European city.,94,Spectral,2016
94,[35],384682,"When his uptight CEO sister threatens to shut down his branch, the branch manager throws an epic Christmas party in order to land a big client and save the day, but the party gets way out of hand.",95,Office Christmas Party,2016
95,"[28, 18, 36, 53, 10752]",300671,An American Ambassador is killed during an attack at a U.S. compound in Libya as a security team struggles to make sense out of the chaos.,96,13 Hours: The Secret Soldiers of Benghazi,2016
96,"[35, 18, 14, 878]",339967,A woman discovers that severe catastrophic events are somehow connected to the mental breakdown from which she's suffering.,97,Colossal,2016
97,"[27, 9648, 53]",345911,"When Rebecca left home, she thought she left her childhood fears behind. Growing up, she was never really sure of what was and wasn’t real when the lights went out…and now her little brother, Martin, is experiencing the same unexplained and terrifying events that had once tested her sanity and threatened her safety. A frightening entity with a mysterious attachment to their mother, Sophie, has reemerged.",98,Lights Out,2016
98,"[35, 10751, 14, 10402]",407655,A contemporary musical version of the classic Cinderella story in which the servant step daughter hope to compete in a musical competition for a famous pop star.,99,A Cinderella Story: If the Shoe Fits,2016
99,"[27, 53, 9648]",321258,"A nanny, working for a family whose son has just passed away, finds herself put in charge of caring for a lifelike doll that the couple treat as a real child.",100,The Boy,2016
100,"[28, 12, 35, 14, 878]",284053,"Thor is on the other side of the universe and finds himself in a race against time to get back to Asgard to stop Ragnarok, the prophecy of destruction to his homeworld and the end of Asgardian civilization, at the hands of an all-powerful new threat, the ruthless Hela.",1,Thor: Ragnarok,2017
101,"[14, 12, 878, 28]",181808,"Rey develops her newly discovered abilities with the guidance of Luke Skywalker, who is unsettled by the strength of her powers. Meanwhile, the Resistance prepares to do battle with the First Order.",2,Star Wars: The Last Jedi,2017
102,"[28, 12, 14, 878]",141052,"Fuelled by his restored faith in humanity and inspired by Superman's selfless act, Bruce Wayne and Diana Prince assemble a team of metahumans consisting of Barry Allen, Arthur Curry and Victor Stone to face the catastrophic threat of Steppenwolf and the Parademons who are on the hunt for three Mother Boxes on Earth.",3,Justice League,2017
103,"[28, 12, 14, 10752]",297762,An Amazon princess comes to the world of Man in the grips of the First World War to confront the forces of evil and bring an end to human conflict.,4,Wonder Woman,2017
104,"[28, 18, 878]",263115,"In the near future, a weary Logan cares for an ailing Professor X in a hideout on the Mexican border. But Logan's attempts to hide from the world and his legacy are upended when a young mutant arrives, pursued by dark forces.",5,Logan,2017
105,"[28, 12, 878, 18]",315635,"Following the events of Captain America: Civil War, Peter Parker, with the help of his mentor Tony Stark, tries to balance his life as an ordinary high school student in Queens, New York City, with fighting crime as his superhero alter ego Spider-Man as a new threat, the Vulture, emerges.",6,Spider-Man: Homecoming,2017
106,[35],455656,"When nerdy high schooler Dani finally attracts the interest of her longtime crush, she lands in the cross hairs of his ex, a social media celebrity.",7,#RealityHigh,2017
107,"[28, 12, 35, 878]",283995,The Guardians must fight to keep their newfound family together as they unravel the mysteries of Peter Quill's true parentage.,8,Guardians of the Galaxy Vol. 2,2017
108,"[9648, 878, 53]",335984,"Thirty years after the events of the first film, a new blade runner, LAPD Officer K, unearths a long-buried secret that has the potential to plunge what's left of society into chaos. K's discovery leads him on a quest to find Rick Deckard, a former LAPD blade runner who has been missing for 30 years.",9,Blade Runner 2049,2017
109,"[10751, 14, 10749]",321612,A live-action adaptation of Disney's version of the classic tale of a cursed prince and a beautiful young woman who helps him break the spell.,10,Beauty and the Beast,2017
110,"[18, 878, 10752]",281338,"Caesar and his apes are forced into a deadly conflict with an army of humans led by a ruthless Colonel. After the apes suffer unimaginable losses, Caesar wrestles with his darker instincts and begins his own mythic quest to avenge his kind. As the journey finally brings them face to face, Caesar and the Colonel are pitted against each other in an epic battle that will determine the fate of both their species and the future of the planet.",11,War for the Planet of the Apes,2017
111,"[12, 28, 14, 35]",166426,"Thrust into an all-new adventure, a down-on-his-luck Capt. Jack Sparrow feels the winds of ill-fortune blowing even more strongly when deadly ghost sailors led by his old nemesis, the evil Capt. Salazar, escape from the Devil's Triangle. Jack's only hope of survival lies in seeking out the legendary Trident of Poseidon, but to find it, he must forge an uneasy alliance with a brilliant and beautiful astronomer and a headstrong young man in the British navy.",12,Pirates of the Caribbean: Dead Men Tell No Tales,2017
112,"[27, 878, 53]",126889,"Bound for a remote planet on the far side of the galaxy, the crew of the colony ship 'Covenant' discovers what is thought to be an uncharted paradise, but is actually a dark, dangerous world—which has a sole inhabitant: the 'synthetic', David, survivor of the doomed Prometheus expedition.",13,Alien: Covenant,2017
113,"[28, 18, 36, 53, 10752]",374720,"The story of the miraculous evacuation of Allied soldiers from Belgium, Britain, Canada and France, who were cut off and surrounded by the German army from the beaches and harbour of Dunkirk between May 26th and June 4th 1940 during World War II.",14,Dunkirk,2017
114,"[878, 53, 18]",406990,"In a world where families are limited to one child due to overpopulation, a set of identical septuplets must avoid being put to a long sleep by the government and dangerous infighting while investigating the disappearance of one of their own.",15,What Happened to Monday,2017
115,"[16, 10751, 35, 12]",354912,"Despite his family’s baffling generations-old ban on music, Miguel dreams of becoming an accomplished musician like his idol, Ernesto de la Cruz. Desperate to prove his talent, Miguel finds himself in the stunning and colorful Land of the Dead following a mysterious chain of events. Along the way, he meets charming trickster Hector, and together, they set off on an extraordinary journey to unlock the real story behind Miguel's family history.",16,Coco,2017
116,"[27, 53]",381288,"Though Kevin has evidenced 23 personalities to his trusted psychiatrist, Dr. Fletcher, there remains one still submerged who is set to materialize and dominate all the others. Compelled to abduct three teenage girls led by the willful, observant Casey, Kevin reaches a war for survival among all of those contained within him — as well as everyone around him — as the walls between his compartments shatter apart.",17,Split,2017
117,"[12, 878, 28]",339964,"In the 28th century, Valerian and Laureline are special operatives charged with keeping order throughout the human territories. On assignment from the Minister of Defense, the two undertake a mission to Alpha, an ever-expanding metropolis where species from across the universe have converged over centuries to share knowledge, intelligence, and cultures. At the center of Alpha is a mysterious dark force which threatens the peaceful existence of the City of a Thousand Planets, and Valerian and Laureline must race to identify the menace and safeguard not just Alpha, but the future of the universe.",18,Valerian and the City of a Thousand Planets,2017
118,"[9648, 53, 27]",419430,"Chris and his girlfriend Rose go upstate to visit her parents for the weekend. At first, Chris reads the family's overly accommodating behavior as nervous attempts to deal with their daughter's interracial relationship, but as the weekend progresses, a series of increasingly disturbing discoveries lead him to a truth that he never could have imagined.",19,Get Out,2017
119,"[28, 12, 80]",47971,"Extreme athlete turned government operative Xander Cage comes out of self-imposed exile, thought to be long dead, and is set on a collision course with deadly alpha warrior Xiang and his team in a race to recover a sinister and seemingly unstoppable weapon known as Pandora's Box. Recruiting an all-new group of thrill-seeking cohorts, Xander finds himself enmeshed in a deadly conspiracy that points to collusion at the highest levels of world governments.",20,xXx: Return of Xander Cage,2017
120,"[28, 12]",343668,"When an attack on the Kingsman headquarters takes place and a new villain rises, Eggsy and Merlin are forced to work together with the American agency known as the Statesman to save the world.",21,Kingsman: The Golden Circle,2017
121,"[28, 35]",339846,"Devoted lifeguard Mitch Buchannon butts heads with a brash new recruit. Together, they uncover a local criminal plot that threatens the future of the Bay.",22,Baywatch,2017
122,"[80, 18, 53]",339692,A newly-released prison gangster is forced by the leaders of his gang to orchestrate a major crime with a brutal rival gang on the streets of Southern California.,23,Shot Caller,2017
123,"[28, 878, 53, 12]",335988,"Autobots and Decepticons are at war, with humans on the sidelines. Optimus Prime is gone. The key to saving our future lies buried in the secrets of the past, in the hidden history of Transformers on Earth.",24,Transformers: The Last Knight,2017
124,"[12, 28, 80, 53, 9648]",337339,"When a mysterious woman seduces Dom into the world of crime and a betrayal of those closest to him, the crew face trials that will test them as never before.",25,The Fate of the Furious,2017
125,"[28, 12, 14]",293167,"Explore the mysterious and dangerous home of the king of the apes as a team of explorers ventures deep inside the treacherous, primordial island.",26,Kong: Skull Island,2017
126,"[18, 14, 10749]",399055,"An other-worldly story, set against the backdrop of Cold War era America circa 1962, where a mute janitor working at a lab falls in love with an amphibious man being held captive there and devises a plan to help him escape.",27,The Shape of Water,2017
127,"[53, 28, 80]",324552,"John Wick is forced out of retirement by a former associate looking to seize control of a shadowy international assassins’ guild. Bound by a blood oath to aid him, Wick travels to Rome and does battle against some of the world’s most dangerous killers.",28,John Wick: Chapter 2,2017
128,[18],316029,"The story of American showman P.T. Barnum, founder of the circus that became the famous traveling Ringling Bros. and Barnum & Bailey Circus.",29,The Greatest Showman,2017
129,"[28, 878, 53, 18]",315837,"In the near future, Major is the first of her kind: a human saved from a terrible crash, then cyber-enhanced to be a perfect soldier devoted to stopping the world's most dangerous criminals.",30,Ghost in the Shell,2017
130,"[28, 16, 35, 10751]",268531,"Two mischievous kids hypnotize their mean elementary school principal and turn him into their comic book creation, the kind-hearted and elastic-banded Captain Underpants.",31,Captain Underpants: The First Epic Movie,2017
131,"[80, 18, 9648]",392044,Genius Belgian detective Hercule Poirot investigates the murder of an American tycoon aboard the Orient Express train.,32,Murder on the Orient Express,2017
132,"[28, 18, 14]",274857,"When the child Arthur’s father is murdered, Vortigern, Arthur’s uncle, seizes the crown. Robbed of his birthright and with no idea who he truly is, Arthur comes up the hard way in the back alleys of the city. But once he pulls the sword Excalibur from the stone, his life is turned upside down and he is forced to acknowledge his true legacy... whether he likes it or not.",33,King Arthur: Legend of the Sword,2017
133,"[27, 9648, 53]",396422,"Several years after the tragic death of their little girl, a dollmaker and his wife welcome a nun and several girls from a shuttered orphanage into their home, soon becoming the target of the dollmaker's possessed creation, Annabelle.",34,Annabelle: Creation,2017
134,"[28, 53, 27]",467938,"Jen is enjoying a romantic getaway with her wealthy boyfriend, which is disrupted when his friends suddenly arrive. Tension mounts at the house until the situation culminates in an unexpected way.",35,Revenge,2017
135,"[12, 16, 35, 10751]",260514,"Blindsided by a new generation of blazing-fast racers, the legendary Lightning McQueen is suddenly pushed out of the sport he loves. To get back in the game, he will need the help of an eager young race technician with her own plan to win, inspiration from the late Fabulous Hudson Hornet, and a few unexpected turns. Proving that #95 isn't through yet will test the heart of a champion on Piston Cup Racing’s biggest stage!",36,Cars 3,2017
136,"[28, 35]",390043,"The world's top bodyguard gets a new client, a hit man who must testify at the International Court of Justice. They must put their differences aside and work together to make it to the trial on time.",37,The Hitman's Bodyguard,2017
137,"[28, 878, 53]",460648,"Jackie Chan stars as a hardened special forces agent who fights to protect a young woman from a sinister criminal gang. At the same time, he feels a special connection to the young woman, like they met in a different life.",38,Bleeding Steel,2017
138,"[18, 10749]",370663,An unexpected affair quickly escalates into a heart-stopping reality for two women whose passionate connection changes their lives forever.,39,Below Her Mouth,2017
139,"[28, 9648, 53]",341013,An undercover MI6 agent is sent to Berlin during the Cold War to investigate the murder of a fellow agent and recover a missing list of double agents.,40,Atomic Blonde,2017
140,"[878, 27, 53]",430231,Two brothers return to the cult they fled from years ago to discover that the group's beliefs may be more sane than they once thought.,41,The Endless,2017
141,"[18, 878]",400710,"Five medical students, hoping to gain insight into the mystery of what lies beyond the confines of life, embark on a daring and dangerous experiment. By stopping their hearts for short periods of time, each triggers a near-death experience. As the investigation becomes more and more perilous, they are forced to confront the sins of their pasts, as well as contend with the paranormal consequences of trespassing to the other side.",42,Flatliners,2017
142,"[10749, 18, 10752]",433356,"Lillie, a determined American woman, ventures overseas to join Dr. Jude at a remote medical mission in the Ottoman Empire (now Turkey). However, Lillie soon finds herself at odds with Jude and the mission’s founder, Woodruff, when she falls for the titular military man, Ismail, just as the war is about to erupt.",43,The Ottoman Lieutenant,2017
143,"[28, 12, 878]",305470,"Saban's Power Rangers follows five ordinary teens who must become something extraordinary when they learn that their small town of Angel Grove — and the world — is on the verge of being obliterated by an alien threat. Chosen by destiny, our heroes quickly discover they are the only ones who can save the planet. But to do so, they will have to overcome their real-life issues and before it’s too late, band together as the Power Rangers.",44,Power Rangers,2017
144,"[35, 10749]",339404,"When their plane is rerouted due to a hurricane warning, two single female best friends find themselves competing for the same guy during an extended layover in St. Louis.",45,The Layover,2017
145,"[28, 878, 53]",274855,"After an unprecedented series of natural disasters threatened the planet, the world's leaders came together to create an intricate network of satellites to control the global climate and keep everyone safe. But now, something has gone wrong: the system built to protect Earth is attacking it, and it becomes a race against the clock to uncover the real threat before a worldwide geostorm wipes out everything and everyone along with it.",46,Geostorm,2017
146,"[80, 18]",359940,"After seven months have passed without a culprit in her daughter's murder case, Mildred Hayes makes a bold move, painting three signs leading into her town with a controversial message directed at Bill Willoughby, the town's revered chief of police. When his second-in-command Officer Jason Dixon, an immature mother's boy with a penchant for violence, gets involved, the battle between Mildred and Ebbing's law enforcement is only exacerbated.",47,"Three Billboards Outside Ebbing, Missouri",2017
147,"[35, 18]",391713,A California high school student plans to escape from her family and small town by going to college in New York.,48,Lady Bird,2017
148,"[80, 27, 9648, 53]",298250,"Dead bodies begin to turn up all over the city, each meeting their demise in a variety of grisly ways. All investigations begin to point the finger at deceased killer John Kramer.",49,Jigsaw,2017
149,"[28, 12, 80, 18, 53]",333354,A doctor desperately tries to save his wife and their 5 year old son after their vacation in the Bahamas takes an unexpected turn.,50,Extortion,2017
150,"[28, 16, 12, 10751]",274862,"Six young ninjas are tasked with defending their island home of Ninjago. By night, they’re gifted warriors using their skill and awesome fleet of vehicles to fight villains and monsters. By day, they’re ordinary teens struggling against their greatest enemy....high school.",51,The LEGO Ninjago Movie,2017
151,"[10749, 18]",444539,"Set in an small English town in 1959, the story of a woman who decides, against polite but ruthless local opposition, to open a bookshop, a decision which becomes a political minefield.",52,The Bookshop,2017
152,"[28, 80]",339403,"After being coerced into working for a crime boss, a young getaway driver finds himself taking part in a heist doomed to fail.",53,Baby Driver,2017
153,"[27, 878, 53, 18]",395992,"The six-member crew of the International Space Station is tasked with studying a sample from Mars that may be the first proof of extra-terrestrial life, which proves more intelligent than ever expected.",54,Life,2017
154,"[18, 10751]",406997,"The story of August Pullman – a boy with facial differences – who enters fifth grade, attending a mainstream elementary school for the first time.",55,Wonder,2017
155,[27],419479,"When Cole stays up past his bedtime, he discovers that his hot babysitter is part of a Satanic cult that will stop at nothing to keep him quiet.",56,The Babysitter,2017
156,"[35, 10402]",353616,"After the highs of winning the world championships, the Bellas find themselves split apart and discovering there aren't job prospects for making music with your mouth. But when they get the chance to reunite for an overseas USO tour, this group of awesome nerds will come together to make some music, and some questionable decisions, one last time.",57,Pitch Perfect 3,2017
157,"[27, 53, 9648]",300665,"A young nurse is kidnapped by a group of violent teens who escape from a mental hospital and take her on the road trip from hell. Pursued by an equally deranged lawman out for revenge, one of the teens is destined for tragedy and horrors that will destroy his mind, moulding him into a monster named Leatherface.",58,Leatherface,2017
158,"[16, 35, 10751]",462883,The hyperactive red-headed bird enters a turf war with a big city lawyer wanting to tear down his home in an effort to build a house to flip.,59,Woody Woodpecker,2017
159,"[28, 12, 10752, 14]",350312,"When Mahendra, the son of Bahubali, learns about his heritage, he begins to look for answers. His story is juxtaposed with past events that unfolded in the Mahishmati Kingdom.",60,Baahubali 2: The Conclusion,2017
160,"[10749, 12, 18]",290512,"Stranded after a tragic plane crash, two strangers must forge a connection to survive the extreme elements of a remote snow covered mountain. When they realize help is not coming, they embark on a perilous journey across the wilderness.",61,The Mountain Between Us,2017
161,"[10749, 18]",434203,"In contemporary Los Angeles, two millennials navigating a social media–driven hookup culture begin a relationship that pushes both emotional and physical boundaries.",62,Newness,2017
162,"[12, 16, 35, 10751]",137116,"In this fully animated, all-new take on the Smurfs, a mysterious map sets Smurfette and her friends Brainy, Clumsy and Hefty on an exciting race through the Forbidden Forest leading to the discovery of the biggest secret in Smurf history.",63,Smurfs: The Lost Village,2017
163,"[28, 53, 80]",460846,"An ex-special services veteran, down on his luck and desperate for work, takes a job as a security guard at a run-down mall in a rough area of town. On his first night on the job, he opens the door to a distraught and desperate young girl who has fled the hijacking of a Police motorcade that was transporting her to testify as a witness in a trial. Hot on her heels is the psychopathic hijacker and his team of henchmen, who will stop at nothing to extract and eliminate the witness.",64,Security,2017
164,"[28, 16, 35, 10751]",324852,Gru and his wife Lucy must stop former '80s child star Balthazar Bratt from achieving world domination.,65,Despicable Me 3,2017
165,"[28, 12, 35, 14]",353486,"The tables are turned as four teenagers are sucked into Jumanji's world - pitted against rhinos, black mambas and an endless variety of jungle traps and puzzles. To survive, they'll play as characters from the game.",66,Jumanji: Welcome to the Jungle,2017
166,"[12, 18, 53]",390062,"A mysterious guide escorts an enthusiastic adventurer and his friend into the Amazon jungle, but their journey turns into a terrifying ordeal as the darkest elements of human nature and the deadliest threats of the wild force them to fight for survival.",67,Jungle,2017
167,"[28, 14, 878, 37, 27]",353491,"The last Gunslinger, Roland Deschain, has been locked in an eternal battle with Walter O’Dim, also known as the Man in Black, determined to prevent him from toppling the Dark Tower, which holds the universe together. With the fate of the worlds at stake, good and evil will collide in the ultimate battle as only Roland can defend the Tower from the Man in Black.",68,The Dark Tower,2017
168,"[16, 10751, 12, 35]",364689,"Ferdinand, a little bull, prefers sitting quietly under a cork tree just smelling the flowers versus jumping around, snorting, and butting heads with other bulls. As Ferdinand grows big and strong, his temperament remains mellow, but one day five men come to choose the ""biggest, fastest, roughest bull"" for the bullfights in Madrid and Ferdinand is mistakenly chosen.  Based on the classic 1936 children's book by Munro Leaf.",69,Ferdinand,2017
169,"[28, 35, 53, 9648]",345915,"Steve Ford is a private detective in Venice Beach, Calif., who's good with the ladies, bad with the punches and wild about his dog Buddy. When local thugs steal Buddy, Ford turns to Spyder, their devious leader, and forges an unlikely alliance. With help from his best friend, Steve pulls out the big guns to retrieve Spyder's stolen cash and cocaine and save Buddy.",70,Once Upon a Time in Venice,2017
170,"[18, 36]",399404,"A thrilling and inspiring true story begins on the eve of World War II as, within days of becoming Prime Minister of Great Britain, Winston Churchill must face one of his most turbulent and defining trials: exploring a negotiated peace treaty with Nazi Germany, or standing firm to fight for the ideals, liberty and freedom of a nation. As the unstoppable Nazi forces roll across Western Europe and the threat of invasion is imminent, and with an unprepared public, a skeptical King, and his own party plotting against him, Churchill must withstand his darkest hour, rally a nation, and attempt to change the course of world history.",71,Darkest Hour,2017
171,"[28, 80, 53]",398175,"After working as a drug courier and getting into a brutal shootout with police, a former boxer finds himself at the mercy of his enemies as they force him to instigate violent acts that turn the prison he resides in into a battleground.",72,Brawl in Cell Block 99,2017
172,"[27, 9648, 53]",55341,"Taking place on the last day of the Creeper’s twenty-three-day feeding frenzy, as the skeptical Sergeant Tubbs teams up with a task force hellbent on destroying the Creeper for good. The Creeper fights back in gory glory as its enemies grow closer than ever before to learning the secret of its dark origins.",73,Jeepers Creepers 3,2017
173,"[53, 27]",469916,"Stranded at the side of the road after a tire blowout, a group of friends become targets for an enigmatic sniper.",74,Downrange,2017
174,"[28, 12, 878, 16]",449574,"In the year 2048, the human race is forced to leave Earth after decades of losing against Godzilla and other giant monsters. They take a twenty-year journey to another planet called Tau Ceti-e, but upon arrival, they discover that the planet has become uninhabitable. As living conditions on their ship deteriorate, a young man named Haruo spearheads a movement to return to Earth and take it back from the monsters. The ship successfully makes the return voyage, but the crew realizes that twenty thousand years have passed, with Earth's ecosystem having evolved to become centered around Godzilla.",75,Godzilla: Planet of the Monsters,2017
175,"[14, 53, 28, 12, 27]",282035,"Though safely entombed in a crypt deep beneath the unforgiving desert, an ancient queen whose destiny was unjustly taken from her is awakened in our current day, bringing with her malevolence grown over millennia, and terrors that defy human comprehension.",76,The Mummy,2017
176,"[35, 18, 10749]",416477,"Pakistan-born comedian Kumail Nanjiani and grad student Emily Gardner fall in love but struggle as their cultures clash. When Emily contracts a mysterious illness, Kumail finds himself forced to face her feisty parents, his family's expectations, and his true feelings.",77,The Big Sick,2017
177,"[35, 27]",472338,"Ten years after the events of the original movie, Victor Crowley is mistakenly resurrected and proceeds to kill once more.",78,Victor Crowley,2017
178,"[80, 18]",425336,The film chronicles the rise and fall of the world's most feared drug lord Pablo Escobar and his volatile love affair with Colombia's most famous journalist Virginia Vallejo throughout a reign of terror that tore a country apart.,79,Loving Pablo,2017
179,"[18, 27, 53]",346364,"In a small town in Maine, seven children known as The Losers Club come face to face with life problems, bullies and a monster that takes the shape of a clown called Pennywise.",80,It,2017
180,"[28, 35, 27]",429733,A virus spreads through an office complex causing white collar workers to act out their worst impulses.,81,Mayhem,2017
181,[18],395991,Members of the Granite Mountain Hotshots battle deadly wildfires to save an Arizona town.,82,Only the Brave,2017
182,"[18, 10749]",420622,"The unconventional life of Dr. William Marston, the Harvard psychologist and inventor who helped invent the modern lie detector test and created Wonder Woman in 1941.",83,Professor Marston and the Wonder Women,2017
183,"[27, 53]",393345,"Confined to an asylum for the criminally insane for the past four years, Nica Pierce is erroneously convinced that she, not Chucky, murdered her entire family. But when her psychiatrist introduces a new therapeutic “tool” to facilitate his patients’ group sessions — an all-too-familiar “Good Guy” doll with an innocently smiling face — a string of grisly deaths begins to plague the asylum, and Nica starts to wonder if maybe she isn’t crazy after all. Meanwhile, Andy Barclay, Chucky’s now all-grown-up nemesis from the first three Child’s Plays, races to Nica’s aid. But to save her he’ll have to get past Tiffany, Chucky’s long-ago bride, who will do anything, no matter how deadly or depraved, to help her beloved evil devilish doll.",84,Cult of Chucky,2017
184,"[18, 9648, 53, 14]",397837,"Samantha Kingston has everything. Then, everything changes. After one fateful night, she wakes up with no future at all. Trapped into reliving the same day over and over, she begins to question just how perfect her life really was.",85,Before I Fall,2017
185,"[18, 27, 53, 9648]",399057,"Dr. Steven Murphy is a renowned cardiovascular surgeon who presides over a spotless household with his wife and two children. Lurking at the margins of his idyllic suburban existence is Martin, a fatherless teen who insinuates himself into the doctor's life in gradually unsettling ways.",86,The Killing of a Sacred Deer,2017
186,"[10402, 12, 16, 10751, 14]",335360,"A new dark force threatens Ponyville, and the Mane 6 – Twilight Sparkle, Applejack, Rainbow Dash, Pinkie Pie, Fluttershy and Rarity – embark on an unforgettable journey beyond Equestria where they meet new friends and exciting challenges on a quest to use the magic of friendship and save their home.",87,My Little Pony: The Movie,2017
187,"[28, 16, 35, 10751, 14]",324849,"In the irreverent spirit of fun that made “The Lego Movie” a worldwide phenomenon, the self-described leading man of that ensemble—Lego Batman—stars in his own big-screen adventure. But there are big changes brewing in Gotham, and if he wants to save the city from The Joker’s hostile takeover, Batman may have to drop the lone vigilante thing, try to work with others and maybe, just maybe, learn to lighten up.",88,The Lego Batman Movie,2017
188,"[80, 18]",396371,"Molly Bloom, a young skier and former Olympic hopeful becomes a successful entrepreneur (and a target of an FBI investigation) when she establishes a high-stakes, international poker game.",89,Molly's Game,2017
189,"[28, 35, 80, 18]",399170,"Trying to reverse a family curse, brothers Jimmy and Clyde Logan set out to execute an elaborate robbery during the legendary Coca-Cola 600 race at the Charlotte Motor Speedway.",90,Logan Lucky,2017
190,"[12, 16, 35, 10751, 14, 10402]",460793,"Olaf is on a mission to harness the best holiday traditions for Anna, Elsa, and Kristoff.",91,Olaf's Frozen Adventure,2017
191,"[18, 35]",397422,"Five best friends from college reunite 10 years later for a wild bachelorette weekend in Miami. Their hard partying takes a hilariously dark turn when they accidentally kill a male stripper. Amidst the craziness of trying to cover it up, they're ultimately brought closer together when it matters most.",92,Rough Night,2017
192,"[12, 35, 10751, 16]",346648,"Paddington, now happily settled with the Browns, picks up a series of odd jobs to buy the perfect present for his Aunt Lucy, but it is stolen.",93,Paddington 2,2017
193,"[18, 37, 36]",384680,A legendary Native American-hating Army captain nearing retirement in 1892 is given one last assignment: to escort a Cheyenne chief and his family through dangerous territory back to his Montana reservation.,94,Hostiles,2017
194,"[18, 36]",446354,A cover-up that spanned four U.S. Presidents pushed the country's first female newspaper publisher and a hard-driving editor to join an unprecedented battle between journalist and government. Inspired by true events.,95,The Post,2017
195,"[53, 27, 878]",355193,"Set in the small town of Devil's Gate, North Dakota, the film examines the disappearance of a local woman and her young son. Schull plays an FBI agent who helps the local sheriff search for answers. Partnering with a deputy , they track down the missing woman's husband and find that nothing is as it seems.",96,Devil's Gate,2017
196,"[28, 80, 53]",461053,"When a D.E.A. and S.W.A.T. cartel takedown ends in a shootout, S.W.A.T. Agent Travis Hall seizes a mysterious prisoner taking him into custody. Before long, the S.W.A.T. compound is under siege by wave-after-wave of assault teams attempting to recover the prisoner known as “The Scorpion” for the tattoo blazed across his back. When Travis discovers that his prisoner is a Secret Ops double agent planted within the cartel, it’s up to him and his expert S.W.A.T. team to keep “The Scorpion” and his billion dollar secrets safe.",97,S.W.A.T.: Under Siege,2017
197,"[28, 35, 878, 10770, 12]",438970,Fin and his wife April travel around the world to save their young son who's trapped inside a sharknado.,98,Sharknado 5: Global Swarming,2017
198,"[18, 27, 10749, 53]",429467,"1920, rural Ireland. Anglo-Irish twins Rachel and Edward share a strange existence in their crumbling family estate. Each night, the property becomes the domain of a sinister presence (The Lodgers) which enforces three rules upon the twins: they must be in bed by midnight; they may not permit an outsider past the threshold; and if one attempts to escape, the life of the other is placed in jeopardy. When troubled war veteran Sean returns to the nearby village, he is immediately drawn to the mysterious Rachel, who in turn begins to break the rules set out by The Lodgers. The consequences pull Rachel into a deadly confrontation with her brother - and with the curse that haunts them.",99,The Lodgers,2017
199,"[27, 53]",292280,"When three college students move into an old house off campus, they unwittingly unleash a supernatural entity known as The Bye Bye Man, who comes to prey upon them once they discover his name. The friends must try to save each other, all the while keeping The Bye Bye Man's existence a secret to save others from the same deadly fate.",100,The Bye Bye Man,2017
