,actor id,actor name,gender,date of birth
0,1109,Kevin Peter Hall,Male,1955-05-09
1,65683,Alex Vincent,Male,1981-04-29
2,16170,Zach Galligan,Male,1964-02-14
3,45041,Judith Hoag,Female,1968-06-29
4,3085,James Caan,Male,1940-03-26
5,9296,Balthazar Getty,Male,1975-01-22
6,21874,Alan Young,Male,1919-11-19
7,5657,Anjelica Huston,Female,1951-07-08
8,3809,Francesca Neri,Female,1964-02-10
9,38225,Cher,Female,1946-05-20
10,862,George C. Scott,Male,1927-10-18
11,27773,Jonathan Brandis,Male,1976-04-13
12,4690,Christopher Walken,Male,1943-03-31
13,11768,Patricia Tallman,Female,1957-09-04
14,70132,Akira Terao,Male,1947-05-18
15,10713,Eric Idle,Male,1943-03-29
16,151363,Kate Hodge,Female,1966-01-02
17,8654,Matthew Modine,Male,1959-03-22
18,5049,John Hurt,Male,1940-01-22
19,10017,Charlton Heston,Male,1923-10-04
20,21259,Michael Dudikoff,Male,1954-10-08
21,26513,Debra Winger,Female,1955-05-16
22,80579,Robert Z'Dar,Male,1950-06-03
23,20162,Natasha Richardson,Female,1963-05-11
24,21315,Eric Roberts,Male,1956-04-18
25,593,Joanna Cassidy,Female,1945-08-02
26,51576,Chuck Norris,Male,1940-03-10
27,21063,Pamela Adlon,Female,1966-07-09
28,23920,Chad McQueen,Male,1960-12-28
29,35,Sally Field,Female,1946-11-06
30,7180,John Candy,Male,1950-10-30
31,40348,Phillip Glasser,Male,1978-10-04
32,10647,Klaus Maria Brandauer,Male,1943-06-22
33,18979,Christina Applegate,Female,1971-11-25
34,548015,Shinji Ogawa,Male,1941-02-19
35,741,River Phoenix,Male,1970-08-23
36,1622,Chang Chen,Male,1976-10-14
37,2413,Dominique Pinon,Male,1955-03-04
38,21561,Tim Matheson,Male,1947-12-31
39,16422,Don Messick,Male,1926-09-07
40,55912,Diego Abatantuono,Male,1955-05-20
41,34612,Anna Chlumsky,Female,1980-12-03
42,148638,Brandon Quintin Adams,Male,1979-08-22
43,1743,Denise Crosby,Female,1957-11-24
44,554867,Tomohiro Nishimura,Male,1961-02-02
45,35092,Don Keith Opper,Male,1949-01-01
46,86110,Glen Campbell,Male,1936-04-22
47,82876,Katsuhiko Sasaki,Male,1944-12-24
48,26485,James Belushi,Male,1954-06-15
49,74375,Cynthia Rothrock,Female,1957-03-08
50,2154,Scott Bakula,Male,1954-10-09
51,1733,Nick Nolte,Male,1941-02-08
52,25256,Victoria Abril,Female,1959-07-04
53,821,Beverly D'Angelo,Female,1951-11-15
54,16171,Phoebe Cates,Female,1963-07-16
55,2047,Danny Glover,Male,1946-07-22
56,1776,Francis Ford Coppola,Male,1939-04-07
57,6449,Warren Beatty,Male,1937-03-30
58,11357,Bruce Campbell,Male,1958-06-22
59,28164,Charles Grodin,Male,1935-04-21
60,67222,Chingmy Yau,Female,1968-05-16
61,69405,Brian Krause,Male,1969-02-01
62,18750,Annabella Sciorra,Female,1964-03-29
63,4517,Joe Pesci,Male,1943-02-09
64,21817,Jane March,Female,1973-03-20
65,6726,Sheryl Lee,Female,1967-04-22
66,12519,Virginia Madsen,Female,1961-09-11
67,11332,Timothy Balme,Male,1967-01-18
68,585,Rutger Hauer,Male,1944-01-23
69,326,Kim Basinger,Female,1953-12-08
70,643,Gong Li,Female,1965-12-31
71,26775,Liu Chia-Liang,Male,1936-08-01
72,68758,Kevin Bernhardt,Male,1961-04-02
73,20495,Jeff Fahey,Male,1952-11-29
74,21125,Richard Kind,Male,1956-11-22
75,50,Catherine Deneuve,Female,1943-10-22
76,14324,Joss Ackland,Male,1928-02-29
77,27772,John Ritter,Male,1948-09-17
78,8851,Whitney Houston,Female,1963-08-09
79,1854,Huub Stapel,Male,1954-12-02
80,16476,Larry Drake,Male,1950-02-21
81,101908,Maxwell Caulfield,Male,1959-11-23
82,941689,Martín Altomaro,Male,1976-05-26
83,1037,Harvey Keitel,Male,1939-05-13
84,57298,Anne Parillaud,Female,1960-05-06
85,67091,Tomorowo Taguchi,Male,1957-11-30
86,24589,Paul Mercurio,Male,1963-03-31
87,20498,Carlos Gallardo,Male,
88,9029,Stephen Rea,Male,1946-10-31
89,56128,Kristy Swanson,Female,1969-12-19
90,64057,Dean Cameron,Male,1962-12-25
91,6949,John Malkovich,Male,1953-12-09
92,820,Edward Furlong,Male,1977-08-02
93,4987,Omar Epps,Male,1973-07-20
94,587,Edward James Olmos,Male,1947-02-24
95,75312,Sasha Mitchell,Male,1967-07-27
96,271155,James Phillips,Male,
97,2282,Ben Kingsley,Male,1943-12-31
98,531,Danny Elfman,Male,1953-05-29
99,27888,Raúl Juliá,Male,1940-03-09
100,74932,Paige Turco,Female,1965-05-17
101,18686,Holly Hunter,Female,1958-03-20
102,6837,Walter Matthau,Male,1920-10-01
103,73931,Bette Midler,Female,1945-12-01
104,16430,Robert Knott,Male,
105,69637,Leslie Cheung,Male,1956-09-12
106,89251,Melinda Clarke,Female,1969-04-24
107,39251,Dominique Horwitz,Male,1957-04-23
108,58646,Damian Chapa,Male,1963-10-29
109,12974,Leon,Male,1962-03-08
110,2224,Christian Slater,Male,1969-08-18
111,3151,Jack Lemmon,Male,1925-02-08
112,64998,Pauly Shore,Male,1968-02-01
113,12899,Jim Varney,Male,1949-06-15
114,2233,Bridget Fonda,Female,1964-01-27
115,57773,Tyrin Turner,Male,1971-07-13
116,6104,Julian Sands,Male,1958-01-04
117,31512,Robert John Burke,Male,1960-09-12
118,11207,David Thewlis,Male,1963-03-20
119,4729,Tom Guiry,Male,1981-10-12
120,382,Bob Hoskins,Male,1942-10-26
121,13010,Kate Maberly,Female,1982-03-14
122,1680,Mami Koyama,Female,1955-01-17
123,57057,Gua Ah-leh,Female,1944-06-02
124,8945,Kevin Kline,Male,1947-10-24
125,37569,Antonio Resines,Male,1954-08-07
126,16327,Timothy Hutton,Male,1960-08-16
127,1905,Vincent Price,Male,1911-05-27
128,102904,Mark Kinsey Stephenson,Male,
129,921,Brigitte Nielsen,Female,1963-07-15
130,68750,Robert Townsend,Male,1957-02-06
131,86856,Shinchou Kokontei,Male,1938-03-10
132,56830,Brigitte Lin,Female,1954-11-03
133,3266,Joe Mantegna,Male,1947-11-13
134,57700,Brandon Lee,Male,1965-02-01
135,1145,Zbigniew Zamachowski,Male,1961-07-17
136,122815,Julie Lee,Female,1956-01-01
137,63978,Jodi Benson,Female,1961-10-10
138,16644,Dolph Lundgren,Male,1957-11-03
139,5141,Heather Langenkamp,Female,1964-07-17
140,6844,Dom DeLuise,Male,1933-08-01
141,57351,George Gaynes,Male,1917-05-16
142,11510,Macaulay Culkin,Male,1980-08-26
143,289,Madeleine Stowe,Female,1958-08-18
144,1350,Irène Jacob,Female,1966-07-15
145,76913,Ge You,Male,1957-04-19
146,228,Ed Harris,Male,1950-11-28
147,18259,Jason James Richter,Male,1980-01-29
148,3141,Marisa Tomei,Female,1964-12-04
149,76130,Brian Bonsall,Male,1981-12-03
150,15091,Melanie Lynskey,Female,1977-05-16
151,58319,Jason Scott Lee,Male,1966-11-19
152,9625,Linda Fiorentino,Female,1958-03-09
153,69395,Bug Hall,Male,1985-02-04
154,82796,Nikita Mikhalkov,Male,1945-10-21
155,10995,David Hayter,Male,1969-02-06
156,75601,Sean Nelson,Male,1980-05-09
157,11477,Ray Liotta,Male,1954-12-18
158,1241,John Turturro,Male,1957-02-28
159,65002,Dana Delany,Female,1956-03-13
160,23915,Pat Morita,Male,1932-06-28
161,71171,Lee Kang-Sheng,Male,1968-10-12
162,23629,Brian O'Halloran,Male,1969-12-20
163,504,Tim Robbins,Male,1958-10-16
164,122502,Hiro Yuuki,Male,1965-02-13
165,9045,Stephen Baldwin,Male,1966-05-12
166,1796,Kirstie Alley,Female,1951-01-12
167,19189,Elizabeth Berkley,Female,1972-07-28
168,5588,Alicia Silverstone,Female,1976-10-04
169,2453,Mary Steenburgen,Female,1953-02-08
170,84093,Liesel Matthews,Female,1984-03-14
171,48791,Miki Manojlović,Male,1950-04-05
172,18702,Mark Dacascos,Male,1964-02-26
173,79020,Scott McAfee,Male,
174,350,Laura Linney,Female,1964-02-05
175,20006,Christopher Reeve,Male,1952-09-25
176,22675,Damon Wayans,Male,1960-09-04
177,9012,Jonny Lee Miller,Male,1972-11-15
178,4038,Susan Sarandon,Female,1946-10-04
179,21089,Bruce Greenwood,Male,1956-08-12
180,58136,Christine Cavanaugh,Female,1963-08-16
181,9221,Donald Pleasence,Male,1919-10-05
182,13021,William Baldwin,Male,1963-02-21
183,11395,Victor Wong,Male,1927-07-30
184,45415,William Katt,Male,1951-02-16
185,57829,Anthony LaPaglia,Male,1959-01-31
186,15309,Lori Petty,Female,1963-10-14
187,723,Patrick Swayze,Male,1952-08-18
188,11511,Daniel Stern,Male,1957-08-28
189,1271,Andy García,Male,1956-04-12
190,43708,Kim van Kooten,Female,1974-01-26
191,515,Glenn Close,Female,1947-03-19
192,9994,Helen Hunt,Female,1963-06-15
193,23678,Michael Jordan,Male,1963-02-17
194,15827,Scott Weinger,Male,1975-10-05
195,3905,William H. Macy,Male,1950-03-13
196,1652305,Paul Terry,Male,1985-11-07
197,16935,Geena Davis,Female,1956-01-21
198,11717,Mara Wilson,Female,1987-07-24
199,30430,Indira Varma,Female,1973-05-14
200,1004,Danny Aiello,Male,1933-06-20
201,40938,Romane Bohringer,Female,1973-08-14
202,2641,Martin Landau,Male,1928-06-20
203,24967,Alyssa Milano,Female,1972-12-19
204,17346,Robin Tunney,Female,1972-06-19
205,9575,Jada Pinkett Smith,Female,1971-09-18
206,7502,Ernest Borgnine,Male,1917-01-24
207,17403,Mike Judge,Male,1962-10-17
208,18326,Dennis Miller,Male,1953-11-03
209,3125,Madonna,Female,1958-08-16
210,4274,Miou-Miou,Female,1950-02-22
211,10430,Fred Ward,Male,1942-12-30
212,18892,Goldie Hawn,Female,1945-11-21
213,11184,Warwick Davis,Male,1970-02-03
214,8447,Jeff Daniels,Male,1955-02-19
215,2880,Emilio Estevez,Male,1962-05-12
216,57119,Sinbad,Male,1956-11-10
217,115654,Anna Nicole Smith,Female,1967-11-28
218,115790,Bin Shimada,Male,1954-11-20
219,882,Liv Tyler,Female,1977-07-01
220,7633,Leslie Nielsen,Male,1926-02-11
221,7906,Jennifer Tilly,Female,1958-09-16
222,10690,Anna Paquin,Female,1982-07-24
223,47654,Paul McGann,Male,1959-11-14
224,56895,Amy Jo Johnson,Female,1970-10-06
225,7039,Bruce Ramsay,Male,1966-12-31
226,6952,Charlie Sheen,Male,1965-09-03
227,4818,Roberto Benigni,Male,1952-10-27
228,15789,Alex D. Linz,Male,1989-01-03
229,2975,Laurence Fishburne,Male,1961-07-30
230,15455,Tate Donovan,Male,1963-09-25
231,62050,Paige O'Hara,Female,1956-05-10
232,54812,Chevy Chase,Male,1943-10-08
233,2230,Pam Grier,Female,1949-05-26
234,16940,Jeremy Irons,Male,1948-09-19
235,5888,Nicole de Boer,Female,1970-12-20
236,56824,Jaime Pressly,Female,1977-07-30
237,26472,Steve Guttenberg,Male,1958-08-24
238,1925,Vincent Cassel,Male,1966-11-23
239,51965,Kevin Sorbo,Male,1958-09-24
240,24047,Courtney B. Vance,Male,1960-03-12
241,23931,Mira Sorvino,Female,1967-09-28
242,18023,Robert Carlyle,Male,1961-04-14
243,8872,Rick Moranis,Male,1953-04-18
244,8196,Ulrich Mühe,Male,1953-06-20
245,4483,Dustin Hoffman,Male,1937-08-08
246,75889,Michael Caton,Male,
247,54422,Tupac Amaru Shakur,Male,1971-06-16
248,58198,Chris Farley,Male,1964-02-15
249,7447,Alec Baldwin,Male,1958-04-03
250,23880,Steven Seagal,Male,1952-04-10
251,16857,Tom Everett Scott,Male,1970-09-07
252,4810,Rosie Perez,Female,1964-09-06
253,50096,Johnny Yong Bosch,Male,1976-01-06
254,25503,Mandy Patinkin,Male,1952-11-30
255,2464,Angus Macfadyen,Male,1963-09-21
256,21290,Dave Foley,Male,1963-01-04
257,147,Michael Madsen,Male,1957-09-25
258,5576,Val Kilmer,Male,1959-12-31
259,1243,Woody Allen,Male,1935-12-01
260,6120,Bodil Jørgensen,Female,1961-03-03
261,13472,Tim Curry,Male,1946-04-19
262,2876,Matt Dillon,Male,1964-02-18
263,65529,Irene Bedard,Female,1967-07-22
264,21908,Aaron Kwok,Male,1965-10-26
265,1471,Ed Gale,Male,1963-08-23
266,2505,James Cromwell,Male,1940-01-27
267,12763,Joseph Fiennes,Male,1970-05-27
268,679,Franka Potente,Female,1974-07-22
269,82540,Arata Iura,Male,1974-09-15
270,7523,Jessalyn Gilsig,Female,1971-11-30
271,33259,Jennifer Love Hewitt,Female,1979-02-21
272,15048,Robby Benson,Male,1956-01-21
273,20814,Gregory Smith,Male,1983-07-06
274,1749,Leonard Nimoy,Male,1931-03-26
275,10871,Natasha Lyonne,Female,1979-04-04
276,5444,Philippe Nahon,Male,1938-12-24
277,4512,James Woods,Male,1947-04-18
278,707,Dan Aykroyd,Male,1952-07-01
279,9260,Michelle Nicastro,Female,1960-03-31
280,4515,Treat Williams,Male,1951-12-01
281,14702,Cathy Moriarty,Female,1960-11-29
282,3129,Tim Roth,Male,1961-05-14
283,2395,Whoopi Goldberg,Female,1955-11-13
284,26457,Matthew Lillard,Male,1970-01-24
285,96974,Carlo Cecchi,Male,1939-01-25
286,3417,Tony Goldwyn,Male,1960-05-20
287,26851,Heather Donahue,Female,1974-12-22
288,4756,Matthew Broderick,Male,1962-03-21
289,116027,Eli Marienthal,Male,1986-03-06
290,11863,Sarah Michelle Gellar,Female,1977-04-14
291,4757,Rupert Everett,Male,1959-05-29
292,120801,Hayato Isohata,Male,1984-02-18
293,10431,Jennifer Jason Leigh,Female,1962-02-05
294,7090,Kelsey Grammer,Male,1955-02-21
295,418,Robert Patrick,Male,1958-11-05
296,7691,Caroline Ducey,Female,1977-01-01
297,17402,Ron Livingston,Male,1967-06-05
298,1185039,Angela Nicholas,Female,
299,15111,Jean-Claude Van Damme,Male,1960-10-18
300,1160,Michelle Pfeiffer,Female,1958-04-29
301,52474,Jason London,Male,1972-11-07
302,80457,Han Suk-kyu,Male,1964-11-03
303,940339,Lau Ching-Wan,Male,1964-02-16
304,68470,Minami Takayama,Female,1964-05-05
305,3391,Kathleen Turner,Female,1954-06-19
306,70548,Mikhail Ulyanov,Male,1927-11-20
307,51390,Emily Bergl,Female,1975-04-25
308,34199,Thomas Dekker,Male,1987-12-28
309,5605,Richard Farnsworth,Male,1920-09-01
310,8984,Bill Pullman,Male,1953-12-17
311,1920,Winona Ryder,Female,1971-10-29
312,58272,Scott Innes,Male,1966-10-30
313,15735,Helen Mirren,Female,1945-07-26
314,34517,Trey Parker,Male,1969-10-19
315,4687,Patricia Arquette,Female,1968-04-08
316,64180,Steve Whitmire,Male,1958-09-24
317,8534,Kathy Bates,Female,1948-06-28
318,61962,D. B. Sweeney,Male,1961-11-14
319,13918,Elizabeth Hurley,Female,1965-06-10
320,50398,Devon Sawa,Male,1978-09-07
321,67471,Hideyuki Tanaka,Male,1950-11-12
322,43426,Robin Dunne,Male,1976-11-19
323,4724,Kevin Bacon,Male,1958-07-08
324,17243,Jonathan Tucker,Male,1982-05-31
325,146242,Karen Lancaume,Female,1973-01-19
326,3317,Takeshi Kitano,Male,1947-01-18
327,16866,Jennifer Lopez,Female,1969-07-24
328,4138,Craig Sheffer,Male,1960-04-23
329,4566,Alan Rickman,Male,1946-02-21
330,16145,Youki Kudoh,Female,1971-01-17
331,11663,Patrick Fugit,Male,1982-10-27
332,1979,Kevin Spacey,Male,1959-07-26
333,11867,Eric Mabius,Male,1971-04-22
334,84213,Bill Farmer,Male,1952-11-14
335,65871,Amanda Schull,Female,1978-08-26
336,67778,Jonathan Lipnicki,Male,1990-10-22
337,5577,Chris O'Donnell,Male,1970-06-26
338,33654,Breckin Meyer,Male,1974-05-07
339,14408,Matthew Perry,Male,1969-08-19
340,4994,Ryo Ishibashi,Male,1956-07-20
341,76621,Will Friedle,Male,1976-08-11
342,68494,Justin Whalin,Male,1974-09-06
343,9601,Kenneth Mars,Male,1935-04-14
344,66161,Harry Enfield,Male,1961-05-30
345,35769,Christopher Masterson,Male,1980-01-22
346,38559,Christopher Lambert,Male,1957-03-29
347,1573322,Shawn Driscoll,Male,
348,22108,Skeet Ulrich,Male,1970-01-20
349,41421,Jennifer Morrison,Female,1979-04-12
350,33,Gary Sinise,Male,1955-03-17
351,73249,Lee Jung-jae,Male,1973-03-15
352,47,Björk,Female,1965-11-21
353,7883,Ralph Eggleston,Male,
354,69597,Drew Barrymore,Female,1975-02-22
355,5823,Julie Andrews,Female,1935-10-01
356,57607,Stephen Chow,Male,1962-06-22
357,69210,Chyler Leigh,Female,1982-04-10
358,49025,Samuel Le Bihan,Male,1965-11-02
359,3627,Paz Vega,Female,1976-01-02
360,24965,Scott Wolf,Male,1968-06-04
361,73016,Debi Derryberry,Female,1967-09-27
362,4785,Jeff Goldblum,Male,1952-10-22
363,9640,Haley Joel Osment,Male,1988-04-10
364,52049,Jay Chandrasekhar,Male,1968-04-09
365,12052,Gwyneth Paltrow,Female,1972-09-27
366,57674,Alexa PenaVega,Female,1988-08-27
367,16971,Maribel Verdú,Female,1970-10-02
368,63442,Cha Tae-hyun,Male,1976-03-25
369,17882,Isabelle Huppert,Female,1953-03-16
370,55636,Donald Sutherland,Male,1935-07-17
371,60950,David Spade,Male,1964-07-22
372,51214,Brad Renfro,Male,1982-07-25
373,4135,Robert Redford,Male,1936-08-18
374,51493,Châu Belle Dinh,Male,1977-09-08
375,17328,Rufus Sewell,Male,1967-10-29
376,57147,Paul Hogan,Male,1939-10-08
377,62596,Kane Hodder,Male,1955-04-08
378,2140,Monica Potter,Female,1971-06-30
379,17093,Eduardo Noriega,Male,1973-08-01
380,3392,Michael Douglas,Male,1944-09-25
381,5344,Meg Ryan,Female,1961-11-19
382,158165,Rickey D'Shon Collins,Male,1983-06-03
383,8436,Miranda Richardson,Female,1958-03-03
384,2632,Chris Rock,Male,1965-02-07
385,39641,Zachi Noy,Male,1953-07-08
386,96472,Hayato Ichihara,Male,1987-02-06
387,193,Gene Hackman,Male,1930-01-30
388,80108,Satoshi Tsumabuki,Male,1980-12-13
389,54620,Branko Đurić,Male,1962-05-28
390,5384,Method Man,Male,1971-04-01
391,4252,Tony Shalhoub,Male,1953-10-09
392,66193,Chris Sanders,Male,1960-03-15
393,3999,Tom Hulce,Male,1953-12-06
394,107358,Harriet Owen,Female,
395,42722,Michael T. Weiss,Male,1962-02-02
396,60949,Rob Schneider,Male,1963-10-31
397,13548,James Spader,Male,1960-02-07
398,325,Eminem,Male,1972-10-17
399,8595,Alexandre Rodrigues,Male,1983-01-01
400,87540,Im Chang-Jung,Male,1973-11-30
401,34521,Maurice LaMarche,Male,1958-03-30
402,2037,Cillian Murphy,Male,1976-05-25
403,21911,Shu Qi,Female,1976-04-16
404,1038,Jodie Foster,Female,1962-11-19
405,27391,Anna Galiena,Female,1954-12-22
406,15234,David Arquette,Male,1971-09-08
407,5937,Kari Matchett,Female,1970-03-25
408,69122,Heather Graham,Female,1970-01-29
409,235332,Miyoko Shoji,Male,1936-07-12
410,1922,Catherine Zeta-Jones,Female,1969-09-25
411,44052,John Ingle,Male,1928-05-07
412,77667,Oksana Akinshina,Female,1987-04-19
413,521,Michael J. Fox,Male,1961-06-09
414,2405,Audrey Tautou,Female,1976-08-09
415,8944,Jamie Lee Curtis,Female,1958-11-22
416,3136,Salma Hayek,Female,1966-09-02
417,35742,Shah Rukh Khan,Male,1965-11-02
418,67318,Megumi Okina,Female,1979-08-06
419,34982,Jeff Bennett,Male,1962-10-02
420,231610,Parminder Nagra,Female,1975-10-05
421,43504,Holly Sampson,Female,1973-09-04
422,514,Jack Nicholson,Male,1937-04-22
423,12898,Tim Allen,Male,1953-06-13
424,17772,Jesse Bradford,Male,1979-05-28
425,15852,Ashley Judd,Female,1968-04-19
426,67830,Veronica Taylor,Female,1978-04-09
427,2387,Patrick Stewart,Male,1940-07-13
428,56778,Stuart Townsend,Male,1972-12-15
429,13,Albert Brooks,Male,1947-07-22
430,5139,Robert Englund,Male,1947-06-06
431,13473,Barry Bostwick,Male,1945-02-24
432,19506,James Arnold Taylor,Male,1969-07-22
433,6365,Desmond Harrington,Male,1976-10-19
434,8783,Eric Bana,Male,1968-08-09
435,6736,Pamela Anderson,Female,1967-07-01
436,738,Sean Connery,Male,1930-08-25
437,13920,Mimi Rogers,Female,1956-01-27
438,10860,Jessica Biel,Female,1982-03-03
439,44079,Charlotte Rampling,Female,1946-02-05
440,5247,John Fiedler,Male,1925-02-03
441,81916,Tommy Wiseau,Male,1955-10-03
442,879,Billy Bob Thornton,Male,1955-08-04
443,1230,John Goodman,Male,1952-06-20
444,328,Brittany Murphy,Female,1977-11-10
445,6719,Ray Wise,Male,1947-08-20
446,121732,Fabrizio Bentivoglio,Female,1957-01-04
447,19866,Guillaume Canet,Male,1973-04-10
448,3291,Hugh Grant,Male,1960-09-09
449,17303,Ali Larter,Female,1976-02-28
450,16927,Gérard Depardieu,Male,1948-12-27
451,21742,Fabian Hinrichs,Male,1974-01-01
452,65838,Jeremy Sumpter,Male,1989-02-05
453,66717,Anthony Wong,Male,1961-09-02
454,7918,Bud Luckey,Male,1934-07-28
455,9976,Henry Thomas,Male,1971-09-09
456,17522,Cécile de France,Female,1975-07-17
457,67711,French Stewart,Male,1964-02-20
458,1580,Daveigh Chase,Female,1990-07-24
459,5695,Sid Haig,Male,1939-07-14
460,1158,Al Pacino,Male,1940-04-25
461,2228,Sean Penn,Male,1960-08-17
462,10205,Sigourney Weaver,Female,1949-10-08
463,533325,Chieko Baishô,Female,1941-06-29
464,62439,David Belle,Male,1973-04-29
465,2130,Cary Elwes,Male,1962-10-26
466,49265,Lindsay Lohan,Female,1986-07-02
467,78729,Nathan Lane,Male,1956-02-03
468,41464,Scott Mechlowicz,Male,1981-01-17
469,18976,Ashton Kutcher,Male,1978-02-07
470,176,Kieran O'Brien,Male,1973-01-23
471,57395,Natasha Henstridge,Female,1974-08-15
472,8767,Jim Caviezel,Male,1968-09-26
473,46393,Roseanne Barr,Female,1952-11-03
474,21798,Johnny Messner,Male,1970-04-11
475,21702,Ming-Na Wen,Female,1963-11-20
476,64805,Billy Brown,Male,
477,13253,Kyoko Fukada,Female,1982-11-02
478,9642,Jude Law,Male,1972-12-29
479,5918,Zachary Bennett,Male,1980-02-17
480,16962,Jang Dong-gun,Male,1972-03-07
481,35690,Shawn Wayans,Male,1971-01-19
482,1003,Jean Reno,Male,1948-07-30
483,258,Gael García Bernal,Male,1978-11-30
484,13526,Noah Wyle,Male,1971-06-04
485,53926,Jon Heder,Male,1977-10-26
486,51391,Frankie Muniz,Male,1985-12-05
487,77330,Kenan Thompson,Male,1978-05-10
488,21171,Gérard Jugnot,Male,1951-05-04
489,12021,Mia Farrow,Female,1945-02-09
490,78076,Wayne Allwine,Male,1947-02-07
491,98,Sarah Polley,Female,1979-01-08
492,11155,Thomas Jane,Male,1969-02-22
493,43662,Anne Suzuki,Female,1987-04-27
494,57208,Petchtai Wongkamlao,Male,1965-06-24
495,38773,Max Riemelt,Male,1984-01-07
496,5528,William Moseley,Male,1987-04-27
497,1954,Billy Zane,Male,1966-02-24
498,9657,Patrick Warburton,Male,1964-11-14
499,70785,Anita Briem,Female,1982-05-29
500,49961,Michelle Trachtenberg,Female,1985-10-11
501,25001,Lee Young-ae,Female,1971-01-31
502,114,Orlando Bloom,Male,1977-01-13
503,51797,Nathan Fillion,Male,1971-03-27
504,7998,Bret 'Brook' Parker,Female,
505,11661,Kate Hudson,Female,1979-04-19
506,131157,Harrison Chad,Male,1992-07-17
507,81243,Romi Park,Female,1972-01-22
508,9705,Takahiro Sakurai,Male,1974-06-13
509,58674,Yukie Nakama,Female,1979-10-30
510,81270,Serah D'Laine,Female,1982-10-23
511,29220,Amanda Bynes,Female,1986-04-03
512,18997,Bryce Dallas Howard,Female,1981-03-02
513,8167,Paul Walker,Male,1973-09-12
514,1327,Ian McKellen,Male,1939-05-25
515,6165,Anthony Rapp,Male,1971-10-26
516,82055,Junko Takeuchi,Female,1972-04-05
517,2227,Nicole Kidman,Female,1967-06-20
518,28782,Monica Bellucci,Female,1964-09-30
519,25002,Lee Byung-hun,Male,1970-07-12
520,15555,Piper Perabo,Female,1976-10-31
521,6614,Cole Hauser,Male,1975-03-22
522,1339,Zhang Ziyi,Female,1979-02-09
523,20519,Simon Yam,Male,1955-03-19
524,1810,Heath Ledger,Male,1979-04-04
525,11665,Michael Angarano,Male,1987-12-03
526,6213,Jamie Kennedy,Male,1970-05-25
527,58982,Kuno Becker,Male,1978-01-14
528,4173,Anthony Hopkins,Male,1937-12-31
529,3061,Ewan McGregor,Male,1971-03-31
530,7218,Kristanna Loken,Female,1979-10-08
531,16970,Ivana Baquero,Female,1994-06-11
532,122468,Riisa Naka,Female,1989-10-18
533,17271,Brandon Routh,Male,1979-10-09
534,1619,Chow Yun-Fat,Male,1955-05-18
535,13445,Tia Carrere,Female,1967-01-02
536,119241,Junichi Okada,Male,1980-11-18
537,19487,Jay Hernandez,Male,1978-02-20
538,74370,Nicole Oliver,Female,1964-02-22
539,22123,Jordana Brewster,Female,1980-04-26
540,21986,Reba McEntire,Female,1955-03-28
541,11179,Sean Biggerstaff,Male,1983-03-15
542,17678,Rudy Youngblood,Male,1982-09-21
543,1532,Bill Murray,Male,1950-09-21
544,15897,Larry the Cable Guy,Male,1963-02-17
545,7431,Kevin Zegers,Male,1984-09-19
546,4430,Sharon Stone,Female,1958-03-10
547,8329,Radha Mitchell,Female,1973-11-12
548,109,Elijah Wood,Male,1981-01-28
549,31078,Tatsuya Fujiwara,Male,1982-05-15
550,36422,Luke Wilson,Male,1971-09-21
551,33515,Kazunari Ninomiya,Male,1983-06-17
552,2157,Robin Williams,Male,1951-07-21
553,19766,Sook-Yin Lee,Female,
554,57189,Ryan Newman,Female,1998-04-24
555,78875,Louis Koo,Male,1970-10-21
556,40980,Susan May Pratt,Female,1974-02-08
557,18352,Patrick Dempsey,Male,1966-01-13
558,2178,Forest Whitaker,Male,1961-07-15
559,55061,Kajol,Female,1974-08-05
560,15033,Justin Long,Male,1978-06-02
561,955,Penélope Cruz,Female,1974-04-28
562,11022,Aaron Stanford,Male,1976-12-27
563,15758,Queen Latifah,Female,1970-03-18
564,33260,Freddie Prinze Jr.,Male,1976-03-08
565,5367,Zach Braff,Male,1975-04-06
566,2408,Jamel Debbouze,Male,1975-06-18
567,84513,Erin Kelly,Female,1981-08-21
568,31031,Kyla Pratt,Female,1986-09-16
569,67773,Steve Martin,Male,1945-08-14
570,4784,Laura Dern,Female,1967-02-10
571,3899,Ken Watanabe,Male,1959-10-21
572,68307,Luke Mably,Male,1976-03-01
573,2219,Tobey Maguire,Male,1975-06-27
574,17606,Imogen Poots,Female,1989-06-03
575,65524,Ioan Gruffudd,Male,1973-10-06
576,10872,Patton Oswalt,Male,1969-01-27
577,56389,Steven Pasquale,Male,1976-11-18
578,2176,Tommy Lee Jones,Male,1946-09-15
579,198,Dan Castellaneta,Male,1957-10-29
580,79006,Kenji Mizuhashi,Male,1975-01-13
581,5538,Ray Winstone,Male,1957-02-19
582,776,Eddie Murphy,Male,1961-04-03
583,15112,Tom Selleck,Male,1945-01-29
584,6856,Kurt Russell,Male,1951-03-17
585,45589,Dakota Blue Richards,Female,1994-04-11
586,26973,John White,Male,1981-06-10
587,113676,Helena Mattsson,Female,1984-03-30
588,81667,Jennifer Hale,Female,1972-01-30
589,9290,Henry Rollins,Male,1961-02-13
590,13275,Tadanobu Asano,Male,1973-11-27
591,90596,Katie Featherston,Female,1982-10-20
592,16377,Jerry Seinfeld,Male,1954-04-29
593,66441,Talulah Riley,Female,1985-09-26
594,76999,Jess Weixler,Female,1981-06-08
595,3416,Demi Moore,Female,1962-11-11
596,78139,Blythe Auffarth,Female,1985-04-23
597,2299,Josh Hartnett,Male,1978-07-21
598,15762,Tara Strong,Female,1973-02-12
599,133212,Ryan Kwanten,Male,1976-11-28
600,83660,Tomoya Nagase,Male,1978-11-07
601,74927,Joakim Nätterqvist,Male,1974-10-24
602,8210,Wes Bentley,Male,1978-09-04
603,66,Chris Tucker,Male,1971-08-31
604,21430,Natassia Malthe,Female,1974-01-19
605,16850,Rose McGowan,Female,1973-09-05
606,56890,Malcolm McDowell,Male,1943-06-13
607,46300,Alexander Nathan Etel,Male,1994-09-19
608,2296,Clive Owen,Male,1964-10-03
609,1336,Jet Li,Male,1963-04-26
610,1604,Lluís Homar,Male,1957-04-20
611,20666,Samy Naceri,Male,1961-07-02
612,19907,Belén Rueda,Female,1965-03-16
613,448,Hilary Swank,Female,1974-07-30
614,6194,Claire Danes,Female,1979-04-12
615,63797,Alistair Abell,Male,
616,52583,Wagner Moura,Male,1976-06-27
617,52139,Seth MacFarlane,Male,1973-10-26
618,18354,Bridget Moynahan,Female,1971-04-28
619,819,Edward Norton,Male,1969-08-18
620,670,Ben Burtt,Male,1948-07-12
621,78036,Michael Copon,Male,1982-11-13
622,55084,Sean Faris,Male,1982-03-25
623,2372,Ron Perlman,Male,1950-04-13
624,34202,Matt Lanter,Male,1983-04-01
625,57599,Seann William Scott,Male,1976-10-03
626,73355,Georgia Groome,Female,1992-02-11
627,17521,Kelly Reilly,Female,1977-07-18
628,25130,Ben Barnes,Male,1981-08-20
629,54499,Briana Evigan,Female,1986-10-23
630,51991,Michael Stahl-David,Male,1982-08-27
631,34923,Atsuko Tanaka,Female,1962-11-14
632,56614,Ray Stevenson,Male,1964-05-24
633,57207,Tony Jaa,Male,1976-02-05
634,190,Clint Eastwood,Male,1930-05-31
635,52262,Sean Maguire,Male,1976-04-18
636,38941,Jim Sturgess,Male,1978-05-16
637,27763,Casper Van Dien,Male,1968-12-18
638,79795,Shiloh Fernandez,Male,1985-02-26
639,17140,Abigail Breslin,Female,1996-04-14
640,27103,Graham Phillips,Male,1993-04-14
641,54815,Steven Strait,Male,1986-03-23
642,7317,Peter Sallis,Male,1921-02-21
643,12640,David Duchovny,Male,1960-08-07
644,6279,Alexis Bledel,Female,1981-09-16
645,4493,Catherine Bell,Female,1968-08-14
646,51944,Mike Epps,Male,1970-11-18
647,74360,Tabitha St. Germain,Female,1976-07-26
648,18269,Brendan Fraser,Male,1968-12-03
649,24891,Clovis Cornillac,Male,1967-08-16
650,81160,Belén Fabra,Female,1977-11-03
651,20738,Song Kang-ho,Male,1967-01-17
652,1844,Til Schweiger,Male,1963-12-19
653,25837,Elisha Cuthbert,Female,1982-11-30
654,11023,Shawn Ashmore,Male,1979-10-07
655,25934,David Boreanaz,Male,1969-05-16
656,37769,Tanit Phoenix,Female,1984-09-24
657,77289,Catinca Untaru,Female,1997-03-21
658,2628,Kiefer Sutherland,Male,1966-12-21
659,57755,Woody Harrelson,Male,1961-07-23
660,28238,David Hasselhoff,Male,1952-07-17
661,21946,Cyril Raffaelli,Male,1974-04-01
662,17183,Jackie Earle Haley,Male,1961-07-14
663,68812,Ed Asner,Male,1929-11-15
664,501,Dakota Fanning,Female,1994-02-23
665,1205,Richard Gere,Male,1949-08-31
666,52848,Isla Fisher,Female,1976-02-03
667,6065,Dennis Quaid,Male,1954-04-09
668,1281,Freddie Highmore,Male,1992-02-14
669,21657,Vera Farmiga,Female,1973-08-06
670,15563,Anika Noni Rose,Female,1972-09-06
671,290,Christopher Plummer,Male,1929-12-13
672,7499,Jared Leto,Male,1971-12-26
673,69899,Zachary Levi,Male,1980-09-29
674,368,Reese Witherspoon,Female,1976-03-22
675,51992,Odette Annable,Female,1985-05-10
676,112013,Rain,Male,1982-06-25
677,87440,Chris Carmack,Male,1980-12-22
678,95038,Johanna Braddy,Female,1987-08-30
679,15831,Frank Welker,Male,1946-03-12
680,59620,Gemma Arterton,Female,1986-02-02
681,1461,George Clooney,Male,1961-05-06
682,52763,Aamir Khan,Male,1965-03-14
683,6283,Michael Nyqvist,Male,1960-11-08
684,2440,Bill Nighy,Male,1949-12-12
685,61831,Sammi Hanratty,Female,1995-09-20
686,26510,Eugene Levy,Male,1946-12-17
687,94421,Bobby Campo,Male,1983-03-09
688,53492,Sam Huntington,Male,1982-04-01
689,90451,Tom Sturridge,Male,1985-12-21
690,90582,Tom Frederic,Male,
691,56366,Ross McCall,Male,1976-01-13
692,60279,Fred Tatasciore,Male,
693,96669,Evan McGuire,Male,
694,4764,John C. Reilly,Male,1965-05-24
695,10,Bob Peterson,Male,1961-01-18
696,11107,Ben Foster,Male,1980-10-29
697,78262,Olivia May,Female,1985-10-22
698,9137,Renée Zellweger,Female,1969-04-25
699,32205,Brendan Fletcher,Male,1981-12-15
700,51300,Derek Mears,Male,1972-04-29
701,3490,Adrien Brody,Male,1973-04-14
702,192,Morgan Freeman,Male,1937-06-01
703,21688,Bae Doona,Female,1979-10-11
704,117861,Maxime Godart,Male,1999-10-02
705,11366,Lorenzo Lamas,Male,1958-01-20
706,32895,Kevin James,Male,1965-04-26
707,132078,DJ Qualls,Male,1978-06-12
708,96081,Julia Voth,Female,1985-05-16
709,16376,Larry David,Male,1947-07-02
710,76996,Jonathan Bennett,Male,1981-06-10
711,80576,Max Records,Male,1997-06-18
712,2144,Tobin Bell,Male,1942-08-07
713,227611,Mirai Shida,Female,1993-05-10
714,15265,Srđan Todorović,Male,1965-03-28
715,23659,Will Ferrell,Male,1967-07-16
716,39995,Michael Cera,Male,1988-06-07
717,12073,Mike Myers,Male,1963-05-25
718,54693,Emma Stone,Female,1988-11-06
719,19728,Mark Harmon,Male,1951-09-02
720,25246,Andy Lau,Male,1961-09-27
721,5527,Skandar Keynes,Male,1991-09-05
722,138009,Rick Malambri,Male,1982-11-07
723,11006,James Marsden,Male,1973-09-18
724,127387,Yuri Lowenthal,Male,1971-03-05
725,15577,Emily Barclay,Female,1984-10-24
726,77122,María Valverde,Female,1987-03-24
727,1951,Elisabeth Shue,Female,1963-10-06
728,70336,Won Bin,Male,1977-11-10
729,3036,John Cusack,Male,1966-06-28
730,25541,Katherine Heigl,Female,1978-11-24
731,9828,Garrett Hedlund,Male,1984-09-03
732,74358,Kelly Sheridan,Female,1977-05-19
733,1239270,Matthew J. Munn,Male,
734,112741,Nathaniel Brown,Male,1988-05-20
735,88816,Noah Ringer,Male,1996-11-18
736,59222,George Newbern,Male,1964-12-10
737,82400,Vincent Zhao,Male,1972-04-10
738,119834,Necar Zadegan,Female,1982-06-20
739,1223726,Robbie Amell,Male,1988-04-21
740,18082,Timothy Olyphant,Male,1968-05-20
741,72440,Brendan Fehr,Male,1977-10-29
742,56323,Tina Fey,Female,1970-05-18
743,11678,Rainn Wilson,Male,1966-01-20
744,78216,Louise Bourgoin,Female,1981-11-28
745,124747,Pierre Coffin,Male,1967-03-16
746,980,Vinnie Jones,Male,1965-01-05
747,108919,Chris Riggi,Male,1985-09-18
748,87079,Jaleel White,Male,1976-11-27
749,9656,Johnny Knoxville,Male,1971-03-11
750,122158,Saori Hara,Female,1988-01-01
751,4491,Jennifer Aniston,Female,1969-02-11
752,573773,Laurence R. Harvey,Male,1970-07-17
753,116931,Jennifer Pudavick,Female,1982-08-20
754,1016071,Déborah Révy,Female,1987-03-10
755,70456,Emily Browning,Female,1988-12-07
756,23458,Charlie Cox,Male,1982-12-15
757,227543,Deborah Secco,Female,1979-11-26
758,12077,Jim Cummings,Male,1952-11-03
759,63,Milla Jovovich,Female,1975-12-17
760,130567,Meaghan Jette Martin,Female,1992-02-17
761,61363,Alex Pettyfer,Male,1990-04-10
762,12111,Justin Timberlake,Male,1981-01-31
763,9206,Neve Campbell,Female,1973-10-03
764,6162,Paul Bettany,Male,1971-05-27
765,146748,Megan Hilty,Female,1981-03-29
766,64344,Billy Gardell,Male,1969-08-20
767,478,Jamie Bell,Male,1986-03-14
768,131820,Emma Bell,Female,1986-12-17
769,235541,Helene Bergsholm,Female,1992-07-20
770,77996,Asa Butterfield,Male,1997-04-01
771,59919,Russell Brand,Male,1975-06-04
772,37059,Nicholas D'Agosto,Male,1980-04-17
773,84214,Taylor Lautner,Male,1992-02-11
774,59315,Olivia Wilde,Female,1984-03-10
775,62862,Danny McBride,Male,1976-12-29
776,9048,Clark Gregg,Male,1962-04-02
777,32203,Stephen Moyer,Male,1969-10-11
778,1137,Juliette Binoche,Female,1964-03-09
779,78029,Martin Lawrence,Male,1965-04-16
780,65561,Kip Pardue,Male,1975-09-23
781,56731,Jessica Alba,Female,1981-04-28
782,218948,Simon Bird,Male,1984-08-19
783,6383,Aaron Eckhart,Male,1968-03-12
784,91351,Sarah Hyland,Female,1990-11-24
785,145836,Aimee Teegarden,Female,1989-10-10
786,17052,Topher Grace,Male,1978-07-12
787,586790,Koki Maeda,Male,1998-12-13
788,139,Uma Thurman,Female,1970-04-29
789,104561,Craig Roberts,Male,1991-01-21
790,5293,Willem Dafoe,Male,1955-07-22
791,204,Kate Winslet,Female,1975-10-05
792,9015,Kelly Macdonald,Female,1976-02-23
793,5723,John Leguizamo,Male,1964-07-22
794,1204,Julia Roberts,Female,1967-10-28
795,134,Jamie Foxx,Male,1967-12-13
796,43775,Jane Lynch,Female,1960-07-14
797,1114607,Mathias Melloul,Male,
798,214556,Indiana Evans,Female,1990-07-27
799,556435,Jo Yeo-jeong,Female,1981-02-10
800,27972,Josh Hutcherson,Male,1992-10-12
801,1073327,Camilla Arfwedson,Female,
802,226564,Mario Maurer,Male,1988-12-04
803,8338,Jodelle Ferland,Female,1994-10-09
804,6730,Sacha Baron Cohen,Male,1971-10-13
805,21593,Jason Biggs,Male,1978-05-12
806,556275,Matthew Mercer,Male,1982-06-29
807,210824,Kristen Connolly,Female,1980-07-12
808,43366,Ann Dowd,Female,1956-01-30
809,64880,Choi Min-sik,Male,1962-04-27
810,239996,Benjamin Walker,Male,1982-06-21
811,205474,Adelaide Clemens,Female,1989-11-30
812,37917,Kristen Stewart,Female,1990-04-09
813,53714,Rachel McAdams,Female,1978-11-17
814,933160,Suraj Sharma,Male,1993-03-21
815,60900,Taylor Kitsch,Male,1981-04-08
816,205,Kirsten Dunst,Female,1982-04-30
817,41901,Roselyn Sánchez,Female,1973-04-02
818,230659,Takeru Satoh,Male,1989-03-21
819,21007,Jonah Hill,Male,1983-12-20
820,51988,Lizzy Caplan,Female,1982-06-30
821,49918,Charlie Tahan,Male,1997-01-01
822,40325,Megumi Hayashibara,Female,1967-03-30
823,88322,Liam Boyle,Male,1985-09-19
824,36594,Juno Temple,Female,1989-07-21
825,16855,Mandy Moore,Female,1984-04-10
826,17142,Paul Dano,Male,1984-06-19
827,225692,Jeremy Irvine,Male,1990-07-01
828,78324,Jamie Chung,Female,1983-04-10
829,10959,Shia LaBeouf,Male,1986-06-11
830,28639,Carmen Electra,Female,1972-04-20
831,47296,Jeffrey Dean Morgan,Male,1966-04-22
832,89819,Zachary Gordon,Male,1998-02-15
833,34947,Kevin Conroy,Male,1955-11-30
834,31838,Danielle Panabaker,Female,1987-09-19
835,29221,Brittany Snow,Female,1986-03-09
836,25401,Josefine Preuß,Female,1986-01-01
837,17286,Lena Headey,Female,1973-10-03
838,40462,Kristen Bell,Female,1980-07-18
839,35548,Simon Rex,Male,1974-07-20
840,7904,Billy Crystal,Male,1948-03-14
841,1115687,Aki Asakura,Female,1991-09-23
842,19278,Bill Hader,Male,1978-06-07
843,5294,Chiwetel Ejiofor,Male,1977-07-10
844,33235,Logan Lerman,Male,1992-01-19
845,20746,Justin Chambers,Male,1970-07-11
846,572084,Wen Zhang,Male,1984-06-26
847,1154842,Jemma Dallender,Female,1988-06-04
848,67599,Vanessa Hudgens,Female,1988-12-14
849,31837,Dane Cook,Male,1972-03-18
850,4273,Charlotte Gainsbourg,Female,1971-07-21
851,77921,Hideaki Anno,Male,1960-05-22
852,46364,Shun Oguri,Male,1982-12-26
853,72466,Colin Farrell,Male,1976-05-31
854,10843,Luke Goss,Male,1968-09-29
855,41292,Keri Russell,Female,1976-03-23
856,1337,Tony Leung Chiu-Wai,Male,1962-06-27
857,24045,Joseph Gordon-Levitt,Male,1981-02-17
858,3489,Naomi Watts,Female,1968-09-28
859,209200,Emily Baldoni,Female,1984-08-03
860,120724,Jaden Smith,Male,1998-07-08
861,27811,Peter Weller,Male,1947-06-24
862,11108,Simon Pegg,Male,1970-02-14
863,3292,Nicholas Hoult,Male,1989-12-07
864,27319,Christoph Waltz,Male,1956-10-04
865,118,Geoffrey Rush,Male,1951-07-06
866,5587,Hank Azaria,Male,1964-04-25
867,7056,Emma Thompson,Female,1959-04-15
868,1231,Julianne Moore,Female,1960-12-03
869,77948,Selena Gomez,Female,1992-07-22
870,45400,Greta Gerwig,Female,1983-08-04
871,3872,Daniel Brühl,Male,1978-06-16
872,81685,Frank Grillo,Male,1965-06-08
873,7060,Martin Freeman,Male,1971-09-08
874,66580,Scott Adsit,Male,1965-11-26
875,11701,Angelina Jolie,Female,1975-06-04
876,2232,Michael Keaton,Male,1951-09-05
877,7399,Ben Stiller,Male,1965-11-30
878,1094091,Maika Monroe,Female,1993-05-29
879,18864,Tom McGrath,Male,1964-08-07
880,6941,Cameron Diaz,Female,1972-08-30
881,114019,Luke Evans,Male,1979-04-15
882,5469,Ralph Fiennes,Male,1962-12-22
883,17244,Hayden Christensen,Male,1981-04-19
884,2295,Mickey Rourke,Male,1952-09-16
885,973,Jason Flemyng,Male,1966-09-25
886,38664,Sullivan Stapleton,Male,1977-06-14
887,1241939,Wasabi Mizuta,Female,1974-08-04
888,84497,Aaron Paul,Male,1979-08-27
889,684,Tom Schilling,Male,1982-02-10
890,15232,Ty Burrell,Male,1967-08-22
891,27428,Aaron Taylor-Johnson,Male,1990-06-13
892,112561,Lily Collins,Female,1989-03-18
893,1269,Kevin Costner,Male,1955-01-18
894,449,Jay Baruchel,Male,1982-04-09
895,28781,Christian Clavier,Male,1952-05-06
896,10692,Michael Pitt,Male,1981-04-10
897,82809,Annabelle Wallis,Female,1984-09-25
898,1168935,Sara Takatsuki,Female,1997-08-10
899,569,Ethan Hawke,Male,1970-11-06
900,11705,Michelle Monaghan,Female,1976-03-23
901,173150,Roma Downey,Female,1960-05-06
902,1173984,Olivia Cooke,Female,1993-12-27
903,932091,Ryan Guzman,Male,1987-09-21
904,92404,Joel Kinnaman,Male,1979-11-25
905,206,Jim Carrey,Male,1962-01-17
906,1055235,Quvenzhané Wallis,Female,2003-08-28
907,1149826,Paloma Bloyd,Female,1988-03-06
908,3087,Robert Duvall,Male,1931-01-05
909,73421,Joaquin Phoenix,Male,1974-10-28
910,8688,Diego Luna,Male,1979-12-29
911,9778,Ice Cube,Male,1969-06-15
912,589098,Ashley Grace,Female,1988-12-11
913,4451,Mark Webber,Male,1980-07-19
914,70459,Maria Ehrich,Female,1993-02-26
915,33449,Essie Davis,Female,1970-01-01
916,1372,Karl Urban,Male,1972-06-07
917,86612,Anne Dorval,Female,1960-11-08
918,80613,China Anne McClain,Female,1998-08-25
919,15277,Jon Favreau,Male,1966-10-19
920,56322,Amy Poehler,Female,1971-09-16
921,3,Harrison Ford,Male,1942-07-13
922,1016168,Lily James,Female,1989-04-05
923,1100,Arnold Schwarzenegger,Male,1947-07-30
924,52018,Britt Robertson,Female,1990-04-18
925,93210,Domhnall Gleeson,Male,1983-05-12
926,8784,Daniel Craig,Male,1968-03-02
927,130565,Nick Jonas,Male,1992-09-16
928,2231,Samuel L. Jackson,Male,1948-12-21
929,106490,Stefanie Scott,Female,1996-12-06
930,963134,Raymond Ochoa,Male,2001-10-12
931,6193,Leonardo DiCaprio,Male,1974-11-11
932,59296,Daniella Alonso,Female,1978-09-22
933,73968,Henry Cavill,Male,1983-05-05
934,973385,Ross Lynch,Male,1995-12-29
935,129928,Sarah Butler,Female,1985-02-11
936,23721,Dieter Laser,Male,1942-02-17
937,140114,Marie Avgeropoulos,Female,1986-06-17
938,232006,Nat Wolff,Male,1994-12-17
939,996701,Miles Teller,Male,1987-02-20
940,78798,Tom Kenny,Male,1962-07-13
941,137868,Aubrey Addams,Female,1987-05-25
942,1313583,Levi Miller,Male,2002-09-30
943,1098962,Dove Cameron,Female,1996-01-15
944,1328,Sean Astin,Male,1971-02-25
945,380,Robert De Niro,Male,1943-08-17
946,36669,Rupert Friend,Male,1981-10-01
947,1378374,Maria Poezhaeva,Female,1989-03-03
948,1341,Donnie Yen,Male,1963-07-27
949,11662,Jason Lee,Male,1970-04-25
950,116882,Lyndsy Fonseca,Female,1987-01-07
951,112,Cate Blanchett,Female,1969-05-14
952,12799,Jeremy Piven,Male,1965-07-26
953,90496,Masako Nozawa,Female,1936-10-25
954,52404,Mae Whitman,Female,1988-06-09
955,25616,Edgar Ramírez,Male,1977-03-25
956,82191,Sharlto Copley,Male,1973-11-27
957,1042729,Alba Ribas,Female,1988-01-05
958,6807,Sam Rockwell,Male,1968-11-05
959,1473345,Karrueche Tran,Female,1988-05-17
960,130640,Hailee Steinfeld,Female,1996-12-11
961,1215144,Victor Webster,Male,1973-02-01
962,103,Mark Ruffalo,Male,1967-11-22
963,588057,Bai Baihe,Female,1984-03-01
964,108916,Rooney Mara,Female,1985-04-17
965,1229,Jeff Bridges,Male,1949-12-04
966,26089,Garry Chalk,Male,1952-02-17
967,5374,Jim Parsons,Male,1973-03-24
968,9711,Maaya Sakamoto,Female,1980-03-31
969,1393177,Noah Schnapp,Male,2004-10-03
970,31167,Elizabeth Mitchell,Female,1970-03-27
971,16828,Chris Evans,Male,1981-06-13
972,417,Ginnifer Goodwin,Female,1978-05-22
973,71580,Benedict Cumberbatch,Male,1976-07-19
974,72855,Felicity Jones,Female,1983-10-17
975,37632,Eddie Redmayne,Male,1982-01-06
976,9273,Amy Adams,Female,1974-08-20
977,37625,Andrew Garfield,Male,1983-08-20
978,225730,Ryunosuke Kamiki,Male,1993-05-19
979,1414734,Neel Sethi,Male,2003-12-22
980,44735,Jesse Eisenberg,Male,1983-10-05
981,1050248,Art Parkinson,Male,2001-10-19
982,15757,Ray Romano,Male,1957-12-21
983,82700,Mario Casas,Male,1986-06-12
984,14,Ellen DeGeneres,Female,1958-01-26
985,2888,Will Smith,Male,1968-09-25
986,10912,Eva Green,Female,1980-07-06
987,3967,Kate Beckinsale,Female,1973-07-26
988,62064,Chris Pine,Male,1980-08-26
989,10297,Matthew McConaughey,Male,1969-11-04
990,40036,Taraji P. Henson,Female,1970-09-11
991,55536,Melissa McCarthy,Female,1970-08-26
992,70851,Jack Black,Male,1969-08-28
993,76339,Claudio Santamaria,Male,1974-07-22
994,17178,Patrick Wilson,Male,1973-07-03
995,18050,Elle Fanning,Female,1998-04-09
996,19274,Seth Rogen,Male,1982-04-15
997,96066,Liam Hemsworth,Male,1990-01-13
998,19588,Miyu Irino,Male,1988-02-19
999,64856,Michael Jai White,Male,1967-11-10
1000,123664,Kim Min-hee,Female,1982-03-01
1001,1223786,Emilia Clarke,Female,1986-10-23
1002,1017347,Brenton Thwaites,Male,1989-08-10
1003,1397778,Anya Taylor-Joy,Female,1996-04-16
1004,56734,Chloë Grace Moretz,Female,1997-02-10
1005,46593,Emile Hirsch,Male,1985-03-13
1006,31,Tom Hanks,Male,1956-07-09
1007,28846,Alexander Skarsgård,Male,1976-08-25
1008,17628,Mary Elizabeth Winstead,Female,1984-11-28
1009,76788,Dev Patel,Male,1990-04-23
1010,34847,Emma Roberts,Female,1991-02-10
1011,29222,Zac Efron,Male,1987-10-18
1012,110,Viggo Mortensen,Male,1958-10-20
1013,34502,Kellan Lutz,Male,1985-03-15
1014,19537,Megan Fox,Female,1986-05-16
1015,1422517,Oakes Fegley,Male,2004-11-11
1016,53755,Elizabeth Reaser,Female,1975-06-15
1017,530618,Jane Levy,Female,1989-12-29
1018,62220,Lauren Cohan,Female,1982-01-07
1019,1084911,Go Ayano,Male,1982-01-26
1020,2461,Mel Gibson,Male,1956-01-03
1021,1892,Matt Damon,Male,1970-10-08
1022,4783,Sam Neill,Male,1947-09-14
1023,9278,Jennifer Garner,Female,1972-04-17
1024,76070,Mia Wasikowska,Female,1989-10-14
1025,19498,Jon Bernthal,Male,1977-09-20
1026,287,Brad Pitt,Male,1963-12-18
1027,18473,James Badge Dale,Male,1978-05-01
1028,62861,Andy Samberg,Male,1978-08-18
1029,1045379,Ilka Bessin,Female,1971-11-18
1030,934,Russell Crowe,Male,1964-04-07
1031,529,Guy Pearce,Male,1967-10-05
1032,212686,Gregg Sulkin,Male,1992-05-29
1033,556356,Vanessa Kirby,Female,1988-04-18
1034,1813,Anne Hathaway,Female,1982-11-12
1035,1893,Casey Affleck,Male,1975-08-12
1036,59175,Blake Lively,Female,1987-08-25
1037,58225,Zach Galifianakis,Male,1969-10-01
1038,2,Mark Hamill,Male,1951-09-25
1039,880,Ben Affleck,Male,1972-08-15
1040,90633,Gal Gadot,Female,1985-04-30
1041,30614,Ryan Gosling,Male,1980-11-12
1042,1136406,Tom Holland,Male,1996-06-01
1043,1687041,Fionn Whitehead,Male,1997-01-01
1044,6968,Hugh Jackman,Male,1968-10-12
1045,16851,Josh Brolin,Male,1968-02-12
1046,1498026,Nesta Cooper,Female,1993-12-11
1047,1193391,Anthony Gonzalez,Male,2005-03-15
1048,10990,Emma Watson,Female,1990-04-15
1049,206919,Daniel Kaluuya,Male,1989-02-24
1050,5530,James McAvoy,Male,1979-04-21
1051,39658,Sally Hawkins,Female,1976-04-27
1052,17288,Michael Fassbender,Male,1977-04-02
1053,10814,Wesley Snipes,Male,1962-07-31
1054,1333,Andy Serkis,Male,1964-04-20
1055,13240,Mark Wahlberg,Male,1971-06-05
1056,5472,Colin Firth,Male,1960-09-10
1057,87722,Noomi Rapace,Female,1979-12-28
1058,91606,Tom Hiddleston,Male,1981-02-09
1059,11181,Kenneth Branagh,Male,1960-12-10
1060,929937,Stephanie Sigman,Female,1987-01-01
1061,122889,Dane DeHaan,Male,1987-02-06
1062,887,Owen Wilson,Male,1968-11-18
1063,1245,Scarlett Johansson,Female,1984-11-22
1064,6384,Keanu Reeves,Male,1964-09-02
1065,12835,Vin Diesel,Male,1967-07-18
1066,36592,Saoirse Ronan,Female,1994-04-12
1067,3910,Frances McDormand,Female,1957-06-23
1068,1277188,Jacob Tremblay,Male,2006-10-05
1069,1228915,Matt Passmore,Male,1973-12-24
1070,64,Gary Oldman,Male,1958-03-21
1071,583479,Aaron Moorhead,Male,
1072,1525047,Dacre Montgomery,Male,1994-11-22
1073,27578,Ellen Page,Female,1987-02-21
1074,6885,Charlize Theron,Female,1975-08-07
1075,12795,Nikolaj Coster-Waldau,Male,1970-07-27
1076,1190668,Timothée Chalamet,Male,1995-12-27
1077,56365,Charlie Hunnam,Male,1980-04-10
1078,1464589,Matilda Anna Ingrid Lutz,Female,1991-01-28
1079,1159982,Ansel Elgort,Male,1994-03-14
1080,18897,Jackie Chan,Male,1954-04-07
1081,10822,Stephen Dorff,Male,1973-07-29
1082,517,Pierce Brosnan,Male,1953-05-16
1083,83002,Jessica Chastain,Female,1977-03-24
1084,56446,John Cena,Male,1977-04-23
1085,55638,Kevin Hart,Male,1979-07-06
1086,1538780,Judah Lewis,Male,
1087,17604,Jeremy Renner,Male,1971-01-07
1088,17605,Idris Elba,Male,1972-09-06
1089,109513,Alexandra Daddario,Female,1986-03-16
1090,1543094,Erika Linder,Female,1990-05-11
1091,3894,Christian Bale,Male,1974-01-30
1092,234352,Margot Robbie,Female,1990-07-02
1093,16936,Stan Shaw,Male,1952-07-14
1094,54697,Dave Franco,Male,1985-06-12
1095,131,Jake Gyllenhaal,Male,1980-12-19
1096,91520,Michiel Huisman,Male,1981-07-18
1097,1246,Emily Mortimer,Female,1971-12-01
1098,4937,Vince Vaughn,Male,1970-03-28
1099,3131,Antonio Banderas,Male,1960-08-10
1100,60077,Douglas Smith,Male,1985-06-22
1101,4587,Halle Berry,Female,1966-08-14
1102,54415,Josh Gad,Male,1981-02-23
1103,1274508,Jaeden Lieberher,Male,2003-01-04
1104,85138,Demi Lovato,Female,1992-08-20
1105,10980,Daniel Radcliffe,Male,1989-07-23
1106,3810,Javier Bardem,Male,1969-03-01
1107,51990,T.J. Miller,Male,1981-06-04
1108,1812,Michelle Williams,Female,1980-09-09
1109,1370,Brad Dourif,Male,1950-03-18
1110,17064,Ben Whishaw,Male,1980-10-14
1111,1118081,Bethany Joy Lenz,Female,1981-04-02
1112,81260,Bill Milner,Male,1995-03-04
1113,5064,Meryl Streep,Female,1949-06-22
1114,237045,Prabhas,Male,1979-10-23
1115,1704640,Brooklynn Prince,Female,2010-01-01
1116,4495,Steve Carell,Male,1962-08-16
1117,86132,Claire Holt,Female,1988-06-11
1118,11856,Daniel Day-Lewis,Male,1957-04-29
1119,71375,Alden Ehrenreich,Male,1989-11-22
1120,467645,Boyd Holbrook,Male,1981-09-01
1121,87287,Bonnie Aarons,Female,1979-06-03
1122,3223,Robert Downey Jr.,Male,1965-04-04
1123,73457,Chris Pratt,Male,1979-06-21
1124,1121,Benicio del Toro,Male,1967-02-19
1125,976,Jason Statham,Male,1967-07-26
1126,10859,Ryan Reynolds,Male,1976-10-23
1127,172069,Chadwick Boseman,Male,1976-11-29
1128,500,Tom Cruise,Male,1962-07-03
1129,19292,Adam Sandler,Male,1966-09-09
1130,8977,Craig T. Nelson,Male,1944-04-04
1131,18277,Sandra Bullock,Female,1964-07-26
1132,2963,Nicolas Cage,Male,1964-01-07
1133,2524,Tom Hardy,Male,1977-09-15
1134,1452046,Lana Condor,Female,1997-05-11
1135,1835721,Manaka Iwami,Female,1998-04-30
1136,1034681,Tye Sheridan,Male,1996-11-11
1137,22226,Paul Rudd,Male,1969-04-06
1138,3051,Toni Collette,Female,1972-11-01
1139,5081,Emily Blunt,Female,1983-02-23
1140,84223,Anna Kendrick,Female,1985-08-09
1141,38673,Channing Tatum,Male,1980-04-26
1142,5292,Denzel Washington,Male,1954-12-28
1143,18918,Dwayne Johnson,Male,1972-05-02
1144,1345495,Odessa Young,Female,1998-01-01
1145,118545,Dakota Johnson,Female,1989-10-04
1146,53,Peter Stormare,Male,1953-08-27
1147,524,Natalie Portman,Female,1981-06-09
1148,236695,John Boyega,Male,1992-03-17
1149,527393,Dylan O'Brien,Male,1991-08-26
1150,68842,John Cho,Male,1972-06-16
1151,130253,Logan Marshall-Green,Male,1976-11-01
1152,94185,Shailene Woodley,Female,1991-11-15
1153,17276,Gerard Butler,Male,1969-11-13
1154,113505,Kodi Smit-McPhee,Male,1996-06-13
1155,1753911,Shannon Purser,Female,1997-06-27
1156,227454,Alicia Vikander,Female,1988-10-03
1157,23532,Jason Bateman,Male,1969-01-14
1158,440414,Amy Schumer,Female,1981-06-01
1159,62,Bruce Willis,Male,1955-03-19
1160,25072,Oscar Isaac,Male,1979-03-09
1161,10730,Rowan Atkinson,Male,1955-01-06
1162,98285,Bella Thorne,Female,1997-10-08
1163,27105,Ed Helms,Male,1974-01-24
1164,116,Keira Knightley,Female,1985-03-26
1165,17087,Michael Moore,Male,1954-04-23
1166,51329,Bradley Cooper,Male,1975-01-05
1167,206444,Constance Wu,Female,1982-03-22
1168,1883106,Kyrie Irving,Male,1993-03-23
1169,17419,Bryan Cranston,Male,1956-03-07
1170,72129,Jennifer Lawrence,Female,1990-08-15
1171,3896,Liam Neeson,Male,1952-06-07
1172,5411,Sanaa Lathan,Female,1971-09-19
1173,135651,Michael B. Jordan,Male,1987-02-09
1174,85,Johnny Depp,Male,1963-06-09
1175,128629,Crystal Reed,Female,1985-02-06
1176,1228965,Sydney Wade,Female,2002-07-18
1177,1552636,Owen Vaccaro,Male,2005-12-16
1178,7401,Lin Shaye,Female,1943-10-12
1179,71070,Amanda Seyfried,Female,1985-12-03
1180,41087,Leslie Mann,Female,1972-03-26
1181,1541266,Poppy Drayton,Female,1991-06-07
1182,120932,Claire Foy,Female,1984-04-16
1183,1108907,Nick Robinson,Male,1995-03-22
1184,13301,Quincy Jones,Male,1933-03-14
1185,55089,Evan Peters,Male,1987-01-20
1186,55466,James Corden,Male,1978-06-17
1187,3293,Rachel Weisz,Female,1970-03-07
1188,1772,Anna Faris,Female,1976-11-29
1189,205307,Lucy Hale,Female,1989-06-14
1190,16483,Sylvester Stallone,Male,1946-07-06
1191,17051,James Franco,Male,1978-04-19
1192,110014,Christina Hendricks,Female,1975-05-03
1193,78110,Scott Adkins,Male,1976-06-17
1194,74568,Chris Hemsworth,Male,1983-08-11
1195,1149334,Sota Fukushi,Male,1993-05-30
1196,115240,Lindsay Pulsipher,Female,1982-05-06
1197,527313,Taissa Farmiga,Female,1994-08-17
1198,3035,Jerry O'Connell,Male,1974-02-17
1199,1344344,Storm Reid,Female,2003-07-01
1200,117642,Jason Momoa,Male,1979-08-01
1201,52851,Paula Patton,Female,1975-12-05
1202,6886,Christina Ricci,Female,1980-02-12
1203,1529426,Graham Verchere,Male,2002-02-04
1204,20286,Toby Kebbell,Male,1982-07-09
1205,65731,Sam Worthington,Male,1976-08-02
1206,11160,Danny Trejo,Male,1944-05-16
1207,58224,Jason Sudeikis,Male,1975-09-18
1208,1059597,Zoey Deutch,Female,1994-11-10
1209,1231108,Dan Ewing,Male,1985-06-03
1210,17773,Gabrielle Union,Female,1972-10-29
1211,18973,Mila Kunis,Female,1983-08-14
1212,20664,Kouichi Yamadera,Male,1961-06-17
1213,8891,John Travolta,Male,1954-02-18
